base_date,emd_nm,card_use_cnt,card_use_amt
2018-01,건입동,57683,2024688672
2018-01,구좌읍,38869,1437171016
2018-01,남원읍,49138,1878298705
2018-01,노형동,397207,12301257150
2018-01,대륜동,65027,2414501385
2018-01,대정읍,80495,2908778634
2018-01,대천동,60983,2102090938
2018-01,도두동,16037,666331855
2018-01,동홍동,119118,4382523533
2018-01,봉개동,14135,493891309
2018-01,삼도1동,92264,2860475184
2018-01,삼도2동,50660,1606365529
2018-01,삼양동,128594,3932947673
2018-01,서홍동,54716,2058885140
2018-01,성산읍,38694,1427670098
2018-01,송산동,16505,669263424
2018-01,아라동,181328,5630313389
2018-01,안덕면,33567,1273327076
2018-01,알수없음,7933,290431278
2018-01,애월읍,140171,4832778967
2018-01,연동,299618,9549524632
2018-01,영천동,20978,823853268
2018-01,예래동,16466,589178230
2018-01,오라동,86971,2805317011
2018-01,외도동,140824,4224320072
2018-01,용담1동,41706,1384604983
2018-01,용담2동,98674,3205109792
2018-01,우도면,1776,71872488
2018-01,이도1동,54319,1753376648
2018-01,이도2동,332316,10234654015
2018-01,이호동,21044,686577831
2018-01,일도1동,18827,704798627
2018-01,일도2동,209067,6709169925
2018-01,정방동,11593,496788550
2018-01,조천읍,94488,3048484655
2018-01,중문동,44369,1612200083
2018-01,중앙동,15802,751673280
2018-01,천지동,15549,652689744
2018-01,추자면,3119,127001469
2018-01,표선면,31350,1158023758
2018-01,한경면,20817,734206868
2018-01,한림읍,66249,2508537826
2018-01,화북동,148040,4554873481
2018-01,효돈동,18136,713521597
2018-02,건입동,49921,2007405800
2018-02,구좌읍,35866,1374087343
2018-02,남원읍,42175,1830127205
2018-02,노형동,354245,11913323345
2018-02,대륜동,54548,2205572149
2018-02,대정읍,71809,2683500280
2018-02,대천동,53280,2005058927
2018-02,도두동,14088,627751164
2018-02,동홍동,100801,4085044527
2018-02,봉개동,12639,478288500
2018-02,삼도1동,81885,2711838362
2018-02,삼도2동,45279,1557121446
2018-02,삼양동,114428,3819245859
2018-02,서홍동,48632,1997667380
2018-02,성산읍,34638,1335176291
2018-02,송산동,13895,632259206
2018-02,아라동,161513,5492923398
2018-02,안덕면,31228,1201789881
2018-02,알수없음,4922,195870617
2018-02,애월읍,120409,4407444601
2018-02,연동,263826,9050723296
2018-02,영천동,19182,894209096
2018-02,예래동,14093,598176098
2018-02,오라동,77815,2720671164
2018-02,외도동,120571,3908097453
2018-02,용담1동,36798,1298019455
2018-02,용담2동,87599,2910845020
2018-02,우도면,2056,84249703
2018-02,이도1동,47755,1605926676
2018-02,이도2동,294440,9784822367
2018-02,이호동,19261,654833771
2018-02,일도1동,17170,680533274
2018-02,일도2동,189057,6399350110
2018-02,정방동,10609,424745400
2018-02,조천읍,82160,2905944778
2018-02,중문동,39765,1496065534
2018-02,중앙동,13801,690636709
2018-02,천지동,13235,643520828
2018-02,추자면,2832,117476828
2018-02,표선면,26487,1121938692
2018-02,한경면,18040,681389135
2018-02,한림읍,59626,2400943521
2018-02,화북동,130302,4297067725
2018-02,효돈동,16228,638787211
2018-03,건입동,60518,2039051790
2018-03,구좌읍,42607,1455415201
2018-03,남원읍,51862,2031457573
2018-03,노형동,410648,12602176313
2018-03,대륜동,68043,2553517307
2018-03,대정읍,89222,3147251959
2018-03,대천동,63897,2167423482
2018-03,도두동,15879,591669335
2018-03,동홍동,121343,4409891688
2018-03,봉개동,14964,500786479
2018-03,삼도1동,94175,2813355225
2018-03,삼도2동,52102,1697861829
2018-03,삼양동,137361,4117759143
2018-03,서홍동,56767,2170632118
2018-03,성산읍,41257,1456829646
2018-03,송산동,15957,639062640
2018-03,아라동,198836,6003519930
2018-03,안덕면,39514,1388536314
2018-03,알수없음,5107,177446688
2018-03,애월읍,148555,4903372708
2018-03,연동,316717,9657156769
2018-03,영천동,21404,823412989
2018-03,예래동,16559,575400201
2018-03,오라동,90803,2948865790
2018-03,외도동,144502,4326760833
2018-03,용담1동,42414,1399351018
2018-03,용담2동,98280,3227484360
2018-03,우도면,2870,147694433
2018-03,이도1동,57007,1650687795
2018-03,이도2동,339774,10360505615
2018-03,이호동,22554,713299367
2018-03,일도1동,19845,669210970
2018-03,일도2동,217870,6644195126
2018-03,정방동,13254,548482461
2018-03,조천읍,98799,3168247949
2018-03,중문동,47096,1741894139
2018-03,중앙동,16763,756797979
2018-03,천지동,15755,651612041
2018-03,추자면,2738,99151576
2018-03,표선면,34159,1279278607
2018-03,한경면,21826,792250131
2018-03,한림읍,68292,2546694741
2018-03,화북동,152750,4590034638
2018-03,효돈동,18692,712454082
2018-04,건입동,63252,2223501796
2018-04,구좌읍,44662,1543716175
2018-04,남원읍,52175,2029072176
2018-04,노형동,413252,12400583104
2018-04,대륜동,67656,2444432536
2018-04,대정읍,92489,3131526006
2018-04,대천동,65955,2293072422
2018-04,도두동,16301,672750840
2018-04,동홍동,120386,4256307747
2018-04,봉개동,15893,546917453
2018-04,삼도1동,95869,2979875318
2018-04,삼도2동,52977,1670489193
2018-04,삼양동,141598,4138799513
2018-04,서홍동,57090,2122943033
2018-04,성산읍,42812,1455140594
2018-04,송산동,16251,788686476
2018-04,아라동,201340,6026150824
2018-04,안덕면,39334,1369118430
2018-04,알수없음,5060,168054124
2018-04,애월읍,151422,5050759094
2018-04,연동,313588,9784210849
2018-04,영천동,21833,816330690
2018-04,예래동,16460,581205709
2018-04,오라동,91438,2798820251
2018-04,외도동,145213,4246794704
2018-04,용담1동,42835,1435711984
2018-04,용담2동,99527,3154743195
2018-04,우도면,2934,119277216
2018-04,이도1동,57498,1757050762
2018-04,이도2동,345552,10345653001
2018-04,이호동,21549,694000023
2018-04,일도1동,20164,737613752
2018-04,일도2동,215302,6479175556
2018-04,정방동,13111,505545372
2018-04,조천읍,100748,3352589318
2018-04,중문동,48526,1787709558
2018-04,중앙동,17749,752578751
2018-04,천지동,17103,681324204
2018-04,추자면,2553,92738858
2018-04,표선면,34827,1378736720
2018-04,한경면,22408,809798666
2018-04,한림읍,71489,2574734359
2018-04,화북동,155375,4514267373
2018-04,효돈동,19889,709040046
2018-05,건입동,67433,2312530593
2018-05,구좌읍,45724,1678741912
2018-05,남원읍,54850,2158034926
2018-05,노형동,440195,13639037789
2018-05,대륜동,71990,2609320193
2018-05,대정읍,98256,3475440156
2018-05,대천동,70161,2475439855
2018-05,도두동,16279,670014860
2018-05,동홍동,129826,4595733919
2018-05,봉개동,17615,664188896
2018-05,삼도1동,102016,3109501203
2018-05,삼도2동,58566,1920592237
2018-05,삼양동,151999,4434249530
2018-05,서홍동,63013,2388410590
2018-05,성산읍,45411,1627047721
2018-05,송산동,17754,725144921
2018-05,아라동,215301,6532934364
2018-05,안덕면,43036,1532618052
2018-05,알수없음,5073,187931451
2018-05,애월읍,161575,5496176542
2018-05,연동,334076,10492586347
2018-05,영천동,23474,844571008
2018-05,예래동,18120,662083788
2018-05,오라동,99546,3168937794
2018-05,외도동,155162,4679206720
2018-05,용담1동,46736,1597313728
2018-05,용담2동,109217,3470144771
2018-05,우도면,3509,145744481
2018-05,이도1동,60091,1883195185
2018-05,이도2동,366652,11381245056
2018-05,이호동,23939,811044466
2018-05,일도1동,21297,709493289
2018-05,일도2동,228428,7045276784
2018-05,정방동,14006,561378830
2018-05,조천읍,107134,3562805990
2018-05,중문동,50307,1810413753
2018-05,중앙동,18586,764150562
2018-05,천지동,17153,702244463
2018-05,추자면,2951,112190324
2018-05,표선면,36224,1463355143
2018-05,한경면,25342,934771036
2018-05,한림읍,77608,2909260041
2018-05,화북동,168013,5102119237
2018-05,효돈동,21561,796152078
2018-06,건입동,65968,2243649435
2018-06,구좌읍,45998,1640048292
2018-06,남원읍,55313,2091150000
2018-06,노형동,431154,12877573186
2018-06,대륜동,72187,2583801601
2018-06,대정읍,90201,3023454425
2018-06,대천동,72815,2473087703
2018-06,도두동,16409,574966170
2018-06,동홍동,128457,4484785655
2018-06,봉개동,16799,586148047
2018-06,삼도1동,101871,3053759612
2018-06,삼도2동,56700,1810866527
2018-06,삼양동,153590,4333558992
2018-06,서홍동,60973,2271198266
2018-06,성산읍,44814,1642819547
2018-06,송산동,17699,741625210
2018-06,아라동,208791,6284843896
2018-06,안덕면,42664,1471070896
2018-06,알수없음,4802,187104600
2018-06,애월읍,158754,5232511921
2018-06,연동,329510,10086426225
2018-06,영천동,24451,866196623
2018-06,예래동,17613,657423155
2018-06,오라동,98619,3098104502
2018-06,외도동,156508,4492945192
2018-06,용담1동,45505,1457724420
2018-06,용담2동,106354,3526064685
2018-06,우도면,3041,146352172
2018-06,이도1동,59972,1808368838
2018-06,이도2동,356281,10746167448
2018-06,이호동,24156,800517810
2018-06,일도1동,20681,740544992
2018-06,일도2동,225489,6741525158
2018-06,정방동,13027,509075942
2018-06,조천읍,104512,3371904407
2018-06,중문동,49859,1811361353
2018-06,중앙동,18684,715693972
2018-06,천지동,17383,727630791
2018-06,추자면,2817,108587868
2018-06,표선면,37037,1464099229
2018-06,한경면,24773,870096561
2018-06,한림읍,75587,2771587528
2018-06,화북동,165185,4754534702
2018-06,효돈동,22523,799968237
2018-07,건입동,70322,2313710143
2018-07,구좌읍,47981,1628190458
2018-07,남원읍,58521,2212695109
2018-07,노형동,453859,13492382763
2018-07,대륜동,79123,2825369184
2018-07,대정읍,83938,2859172960
2018-07,대천동,79345,2640777336
2018-07,도두동,17837,636301380
2018-07,동홍동,140718,4796880852
2018-07,봉개동,18048,588771571
2018-07,삼도1동,104447,3075291006
2018-07,삼도2동,59205,1884792931
2018-07,삼양동,159264,4480984146
2018-07,서홍동,65999,2486645136
2018-07,성산읍,47644,1714242790
2018-07,송산동,18800,767840208
2018-07,아라동,224844,6693771366
2018-07,안덕면,45218,1547545051
2018-07,알수없음,6288,210439552
2018-07,애월읍,169650,5686284893
2018-07,연동,347744,10625597407
2018-07,영천동,27552,967784865
2018-07,예래동,18493,713340592
2018-07,오라동,106185,3340695857
2018-07,외도동,165083,4807828931
2018-07,용담1동,47600,1590597846
2018-07,용담2동,109070,3452969979
2018-07,우도면,3587,127882662
2018-07,이도1동,63079,1858457903
2018-07,이도2동,377962,11418426791
2018-07,이호동,24524,764178255
2018-07,일도1동,23293,901427340
2018-07,일도2동,236505,7113264024
2018-07,정방동,12810,515331044
2018-07,조천읍,114249,3663678630
2018-07,중문동,54685,1956670012
2018-07,중앙동,19792,767768221
2018-07,천지동,18517,703624011
2018-07,추자면,3183,130262367
2018-07,표선면,39067,1491390374
2018-07,한경면,26497,1002064356
2018-07,한림읍,79936,2873875310
2018-07,화북동,173664,5139561509
2018-07,효돈동,23490,854023990
2018-08,건입동,69540,2365319217
2018-08,구좌읍,49055,1764171599
2018-08,남원읍,57811,2268247833
2018-08,노형동,456998,13653405212
2018-08,대륜동,78642,2797811190
2018-08,대정읍,100633,3561841212
2018-08,대천동,79445,2685725015
2018-08,도두동,19496,687747644
2018-08,동홍동,142535,4930154545
2018-08,봉개동,17764,604515711
2018-08,삼도1동,106262,3144733311
2018-08,삼도2동,61382,1957282123
2018-08,삼양동,165525,4832133377
2018-08,서홍동,67629,2477897992
2018-08,성산읍,49584,1766868213
2018-08,송산동,19142,774928167
2018-08,아라동,230715,6957299643
2018-08,안덕면,47708,1705141124
2018-08,알수없음,7475,237965036
2018-08,애월읍,174447,5888148424
2018-08,연동,352651,10945004647
2018-08,영천동,27181,984623884
2018-08,예래동,20132,746596284
2018-08,오라동,108413,3431247236
2018-08,외도동,163382,4765821409
2018-08,용담1동,48222,1511249199
2018-08,용담2동,111715,3724218926
2018-08,우도면,3740,160092563
2018-08,이도1동,61937,1825915730
2018-08,이도2동,393259,11946050925
2018-08,이호동,25095,802438494
2018-08,일도1동,22875,787565087
2018-08,일도2동,245696,7502214614
2018-08,정방동,12847,513956414
2018-08,조천읍,118054,3821077127
2018-08,중문동,55446,1989576170
2018-08,중앙동,19754,800618734
2018-08,천지동,19928,797783820
2018-08,추자면,3081,123859374
2018-08,표선면,38933,1488707309
2018-08,한경면,28403,969824808
2018-08,한림읍,82956,3019698752
2018-08,화북동,175205,5156714086
2018-08,효돈동,24489,877279433
2018-09,건입동,63770,2351837966
2018-09,구좌읍,46236,1789609082
2018-09,남원읍,53995,2211538871
2018-09,노형동,426350,13491966513
2018-09,대륜동,70899,2706506838
2018-09,대정읍,98342,3719297264
2018-09,대천동,71845,2569986956
2018-09,도두동,17896,683895210
2018-09,동홍동,133346,5003402014
2018-09,봉개동,16528,582000773
2018-09,삼도1동,98550,3118686692
2018-09,삼도2동,58086,1953172090
2018-09,삼양동,152524,4670292892
2018-09,서홍동,61031,2455574732
2018-09,성산읍,44791,1782906072
2018-09,송산동,17985,827516617
2018-09,아라동,214417,6771301433
2018-09,안덕면,44471,1652751651
2018-09,알수없음,6052,220159204
2018-09,애월읍,157453,5516891397
2018-09,연동,323125,10444707307
2018-09,영천동,24041,919353517
2018-09,예래동,17566,672889489
2018-09,오라동,99187,3336557222
2018-09,외도동,152034,4593241247
2018-09,용담1동,46170,1594175272
2018-09,용담2동,102955,3381105822
2018-09,우도면,3521,158207144
2018-09,이도1동,58809,1878231925
2018-09,이도2동,369159,11606153442
2018-09,이호동,23197,815107194
2018-09,일도1동,21185,813284244
2018-09,일도2동,229247,7307660048
2018-09,정방동,11071,490631269
2018-09,조천읍,107347,3572977027
2018-09,중문동,51640,1994817605
2018-09,중앙동,18109,896694365
2018-09,천지동,18512,866996368
2018-09,추자면,2884,123534524
2018-09,표선면,37544,1458940496
2018-09,한경면,26271,1037986872
2018-09,한림읍,74888,2905287577
2018-09,화북동,161007,5067805393
2018-09,효돈동,22578,831783300
2018-10,건입동,64560,2234531303
2018-10,구좌읍,46657,1628512182
2018-10,남원읍,52697,1970706193
2018-10,노형동,429692,12859358356
2018-10,대륜동,72956,2505415803
2018-10,대정읍,97878,3286665897
2018-10,대천동,76103,2488488486
2018-10,도두동,17039,658799305
2018-10,동홍동,132876,4668082621
2018-10,봉개동,16414,569413205
2018-10,삼도1동,96244,2858372719
2018-10,삼도2동,56937,1818980025
2018-10,삼양동,155192,4422010635
2018-10,서홍동,61892,2339773247
2018-10,성산읍,44068,1563031615
2018-10,송산동,17447,733523840
2018-10,아라동,216119,6204396773
2018-10,안덕면,43726,1500360310
2018-10,알수없음,6444,217978179
2018-10,애월읍,160986,5280945370
2018-10,연동,328007,10139660297
2018-10,영천동,25198,845094056
2018-10,예래동,18116,649243588
2018-10,오라동,101322,3179554034
2018-10,외도동,156838,4496141299
2018-10,용담1동,45070,1404414254
2018-10,용담2동,100176,3368350136
2018-10,우도면,3355,130016117
2018-10,이도1동,59002,1757826902
2018-10,이도2동,365466,10806190798
2018-10,이호동,22026,727291546
2018-10,일도1동,20775,782844285
2018-10,일도2동,220970,6568820537
2018-10,정방동,12001,515681330
2018-10,조천읍,110236,3499810130
2018-10,중문동,52659,1922068116
2018-10,중앙동,16642,742655347
2018-10,천지동,18271,738605103
2018-10,추자면,2660,97027075
2018-10,표선면,35844,1330728076
2018-10,한경면,26065,880158399
2018-10,한림읍,74596,2721916097
2018-10,화북동,161880,4640622747
2018-10,효돈동,22551,817678699
2018-11,건입동,63763,2187045531
2018-11,구좌읍,42468,1532615738
2018-11,남원읍,52090,2010960150
2018-11,노형동,412425,12227502774
2018-11,대륜동,72266,2387109467
2018-11,대정읍,97519,3300214322
2018-11,대천동,74092,2405185306
2018-11,도두동,18129,683342202
2018-11,동홍동,128148,4490603000
2018-11,봉개동,17120,531362236
2018-11,삼도1동,95070,2822927715
2018-11,삼도2동,53788,1738296001
2018-11,삼양동,151986,4320739827
2018-11,서홍동,60289,2220297641
2018-11,성산읍,43230,1457506202
2018-11,송산동,17498,754449489
2018-11,아라동,211030,6246296271
2018-11,안덕면,44524,1532950041
2018-11,알수없음,5245,200023456
2018-11,애월읍,156217,5265661769
2018-11,연동,318635,9847808713
2018-11,영천동,23997,817596405
2018-11,예래동,17020,636075236
2018-11,오라동,97256,2950623559
2018-11,외도동,150550,4352854621
2018-11,용담1동,42925,1328245215
2018-11,용담2동,98725,3261180821
2018-11,우도면,3650,142622891
2018-11,이도1동,56253,1731659011
2018-11,이도2동,351878,10265476875
2018-11,이호동,23485,759190038
2018-11,일도1동,20661,748754004
2018-11,일도2동,217504,6579036330
2018-11,정방동,11305,473170519
2018-11,조천읍,106074,3262248263
2018-11,중문동,50333,1968534182
2018-11,중앙동,17006,685715931
2018-11,천지동,17644,715536080
2018-11,추자면,2285,94854162
2018-11,표선면,36580,1341411461
2018-11,한경면,24182,829564604
2018-11,한림읍,72165,2642690316
2018-11,화북동,157361,4525278988
2018-11,효돈동,21989,808002216
2018-12,건입동,66218,2319809891
2018-12,구좌읍,44930,1623633322
2018-12,남원읍,54608,2092702137
2018-12,노형동,431875,13690085356
2018-12,대륜동,74929,2672697653
2018-12,대정읍,93882,3226000509
2018-12,대천동,77168,2546161654
2018-12,도두동,19336,799080661
2018-12,동홍동,137175,4879627924
2018-12,봉개동,18797,599618312
2018-12,삼도1동,98437,3096277024
2018-12,삼도2동,55755,1824415385
2018-12,삼양동,155850,4710540819
2018-12,서홍동,60163,2386574726
2018-12,성산읍,47771,1783992464
2018-12,송산동,17807,805531259
2018-12,아라동,222927,6928811647
2018-12,안덕면,45640,1634738046
2018-12,알수없음,5245,201375148
2018-12,애월읍,163978,5586372350
2018-12,연동,323521,10477261353
2018-12,영천동,24860,892078932
2018-12,예래동,18334,670615130
2018-12,오라동,105570,3344631859
2018-12,외도동,157346,4708234684
2018-12,용담1동,44675,1486387701
2018-12,용담2동,103978,3522086814
2018-12,우도면,3865,170983386
2018-12,이도1동,58128,1905116922
2018-12,이도2동,369368,11352776636
2018-12,이호동,24397,852662172
2018-12,일도1동,22561,837599890
2018-12,일도2동,224355,7092841921
2018-12,정방동,11119,476932239
2018-12,조천읍,111060,3670001289
2018-12,중문동,53212,2100855707
2018-12,중앙동,17515,840955907
2018-12,천지동,18009,804286143
2018-12,추자면,2365,87307070
2018-12,표선면,36200,1387718337
2018-12,한경면,24467,929202154
2018-12,한림읍,75232,2790155476
2018-12,화북동,159953,4993372268
2018-12,효돈동,24805,932762479
2019-01,건입동,64485,2357141897
2019-01,구좌읍,46086,1711114820
2019-01,남원읍,53532,2083522786
2019-01,노형동,421568,12861046371
2019-01,대륜동,72592,2577482297
2019-01,대정읍,95278,3410283484
2019-01,대천동,77677,2563535188
2019-01,도두동,17909,705445815
2019-01,동홍동,133235,4648306785
2019-01,봉개동,19566,614267941
2019-01,삼도1동,95801,2995147050
2019-01,삼도2동,54809,1754095117
2019-01,삼양동,151790,4513304266
2019-01,서홍동,60698,2408583262
2019-01,성산읍,47414,1684811767
2019-01,송산동,17500,804941512
2019-01,아라동,219551,6747410387
2019-01,안덕면,43912,1624095360
2019-01,알수없음,6302,232779056
2019-01,애월읍,154798,5274125667
2019-01,연동,321511,10205112748
2019-01,영천동,25058,864577193
2019-01,예래동,16077,689856470
2019-01,오라동,103540,3299155189
2019-01,외도동,157598,4676784783
2019-01,용담1동,44956,1458120785
2019-01,용담2동,99727,3277390280
2019-01,우도면,3475,148591515
2019-01,이도1동,57972,1796607333
2019-01,이도2동,354651,11018180495
2019-01,이호동,24390,857085088
2019-01,일도1동,21759,774826066
2019-01,일도2동,220266,6826539447
2019-01,정방동,10961,441842752
2019-01,조천읍,108564,3518715623
2019-01,중문동,52996,2058451426
2019-01,중앙동,16760,776013622
2019-01,천지동,18406,770050411
2019-01,추자면,3010,125030064
2019-01,표선면,36834,1436944560
2019-01,한경면,25354,862819565
2019-01,한림읍,73624,2804483480
2019-01,화북동,155971,4652310806
2019-01,효돈동,23238,962298262
2019-02,건입동,58294,1997876023
2019-02,구좌읍,39205,1450601484
2019-02,남원읍,47182,1866199461
2019-02,노형동,376562,11763823698
2019-02,대륜동,64362,2260935564
2019-02,대정읍,87715,3192896574
2019-02,대천동,68232,2290288648
2019-02,도두동,16296,623191862
2019-02,동홍동,116722,4191504387
2019-02,봉개동,18044,572114543
2019-02,삼도1동,84882,2679780450
2019-02,삼도2동,50014,1648125675
2019-02,삼양동,135905,4120796524
2019-02,서홍동,52729,2067503145
2019-02,성산읍,40601,1578045005
2019-02,송산동,14839,617829229
2019-02,아라동,191471,5979118215
2019-02,안덕면,38265,1393031676
2019-02,알수없음,6175,205395781
2019-02,애월읍,138294,4867115425
2019-02,연동,289260,9404269007
2019-02,영천동,21583,792388055
2019-02,예래동,15975,651834055
2019-02,오라동,89575,2880406139
2019-02,외도동,135065,4109487374
2019-02,용담1동,39713,1323730212
2019-02,용담2동,89463,3046573731
2019-02,우도면,2756,120366899
2019-02,이도1동,53270,1661168919
2019-02,이도2동,318357,10161324642
2019-02,이호동,20073,701150500
2019-02,일도1동,19080,724867188
2019-02,일도2동,196570,6223425493
2019-02,정방동,10175,406019999
2019-02,조천읍,97120,3185656670
2019-02,중문동,45452,1704834069
2019-02,중앙동,15275,715441583
2019-02,천지동,15288,620169579
2019-02,추자면,2725,92828001
2019-02,표선면,31444,1135104471
2019-02,한경면,21198,788416051
2019-02,한림읍,67026,2512632073
2019-02,화북동,139512,4239393627
2019-02,효돈동,20219,785579212
2019-03,건입동,65265,2089870648
2019-03,구좌읍,46432,1536161251
2019-03,남원읍,54293,2131933329
2019-03,노형동,434049,12848770059
2019-03,대륜동,74490,2543133617
2019-03,대정읍,102439,3460173537
2019-03,대천동,79874,2529833889
2019-03,도두동,19643,693566098
2019-03,동홍동,132471,4560474874
2019-03,봉개동,21542,672602540
2019-03,삼도1동,96560,2898964824
2019-03,삼도2동,56171,1749910388
2019-03,삼양동,157542,4656473794
2019-03,서홍동,59483,2286188925
2019-03,성산읍,47265,1758485430
2019-03,송산동,17336,678069335
2019-03,아라동,229971,6756427555
2019-03,안덕면,45775,1521419976
2019-03,알수없음,5702,185669893
2019-03,애월읍,163658,5383866661
2019-03,연동,336941,10251534703
2019-03,영천동,26336,917801063
2019-03,예래동,17885,678194352
2019-03,오라동,107281,3214124701
2019-03,외도동,157806,4487514656
2019-03,용담1동,45322,1402820298
2019-03,용담2동,100833,3256034695
2019-03,우도면,2954,100413601
2019-03,이도1동,60711,1783555288
2019-03,이도2동,362186,10691182979
2019-03,이호동,25227,869469203
2019-03,일도1동,23077,838855312
2019-03,일도2동,221789,6692491744
2019-03,정방동,10682,452124858
2019-03,조천읍,115519,3583681175
2019-03,중문동,53466,2120891716
2019-03,중앙동,16726,714689404
2019-03,천지동,17616,694525918
2019-03,추자면,2961,115029061
2019-03,표선면,36023,1222812006
2019-03,한경면,26307,917410309
2019-03,한림읍,78419,2889505910
2019-03,화북동,162141,4661941610
2019-03,효돈동,22557,861904740
2019-04,건입동,64785,2183547847
2019-04,구좌읍,47363,1641242464
2019-04,남원읍,54625,2026022199
2019-04,노형동,431708,12326720956
2019-04,대륜동,75080,2482492306
2019-04,대정읍,99838,3292926405
2019-04,대천동,80394,2536915785
2019-04,도두동,17896,701689435
2019-04,동홍동,131363,4375225966
2019-04,봉개동,20599,603956771
2019-04,삼도1동,98298,2924103742
2019-04,삼도2동,56027,1740863855
2019-04,삼양동,155176,4478663262
2019-04,서홍동,58972,2205526061
2019-04,성산읍,49102,1676234305
2019-04,송산동,17204,644231937
2019-04,아라동,226999,6313253460
2019-04,안덕면,43852,1416060878
2019-04,알수없음,5605,195979797
2019-04,애월읍,166501,5337807020
2019-04,연동,330078,10061467895
2019-04,영천동,26087,920887896
2019-04,예래동,18703,692558742
2019-04,오라동,104479,3205691826
2019-04,외도동,153884,4376807625
2019-04,용담1동,44579,1379396127
2019-04,용담2동,99949,3169591830
2019-04,우도면,3010,150574139
2019-04,이도1동,59497,1715449928
2019-04,이도2동,361710,10340153744
2019-04,이호동,25217,813396840
2019-04,일도1동,23164,882249324
2019-04,일도2동,219483,6447053094
2019-04,정방동,10951,458266285
2019-04,조천읍,114601,3610518116
2019-04,중문동,53699,2093055800
2019-04,중앙동,17239,765223753
2019-04,천지동,17501,636686250
2019-04,추자면,3119,116236447
2019-04,표선면,37339,1366318265
2019-04,한경면,27276,906148592
2019-04,한림읍,79009,2806134099
2019-04,화북동,162613,4572113355
2019-04,효돈동,21543,800477227
2019-05,건입동,68214,2272508145
2019-05,구좌읍,50068,1702993696
2019-05,남원읍,57488,2234584377
2019-05,노형동,460012,13422107355
2019-05,대륜동,81866,2801236054
2019-05,대정읍,109658,3707440493
2019-05,대천동,85716,2722952172
2019-05,도두동,20134,699016379
2019-05,동홍동,141030,4772685859
2019-05,봉개동,22027,720356998
2019-05,삼도1동,102651,3134572417
2019-05,삼도2동,59966,1819509508
2019-05,삼양동,163712,4780341526
2019-05,서홍동,65339,2595389817
2019-05,성산읍,51360,1826511996
2019-05,송산동,18302,781082905
2019-05,아라동,238235,6865621325
2019-05,안덕면,47970,1558966815
2019-05,알수없음,6725,234908907
2019-05,애월읍,172606,5601451156
2019-05,연동,349523,10601915916
2019-05,영천동,27001,982029244
2019-05,예래동,20253,762430772
2019-05,오라동,109570,3413216252
2019-05,외도동,162091,4761834657
2019-05,용담1동,46027,1456730241
2019-05,용담2동,104642,3429488421
2019-05,우도면,3640,140995056
2019-05,이도1동,61510,1883388661
2019-05,이도2동,388348,11489631648
2019-05,이호동,26978,876666970
2019-05,일도1동,23451,887078742
2019-05,일도2동,230961,6936931065
2019-05,정방동,11580,454649544
2019-05,조천읍,121828,3837965565
2019-05,중문동,57422,2127888606
2019-05,중앙동,17036,717010960
2019-05,천지동,18949,698808411
2019-05,추자면,2870,119790256
2019-05,표선면,38344,1425509716
2019-05,한경면,27501,982591204
2019-05,한림읍,83037,2945689324
2019-05,화북동,172711,5067005657
2019-05,효돈동,25867,942513177
2019-06,건입동,64625,2047932639
2019-06,구좌읍,48869,1605153460
2019-06,남원읍,56980,2129431731
2019-06,노형동,451361,13054777800
2019-06,대륜동,79440,2615888967
2019-06,대정읍,98463,3185381039
2019-06,대천동,84111,2556911312
2019-06,도두동,18746,769790947
2019-06,동홍동,138496,4495081349
2019-06,봉개동,23182,689008884
2019-06,삼도1동,99785,3020719709
2019-06,삼도2동,58344,1844605897
2019-06,삼양동,164241,4580935935
2019-06,서홍동,63640,2338505670
2019-06,성산읍,48972,1701775815
2019-06,송산동,18405,739299657
2019-06,아라동,233353,6542657528
2019-06,안덕면,49191,1603796531
2019-06,알수없음,6220,206107416
2019-06,애월읍,166383,5313955499
2019-06,연동,344267,10313149235
2019-06,영천동,27100,927806743
2019-06,예래동,18699,699665060
2019-06,오라동,110380,3340420529
2019-06,외도동,157083,4450857543
2019-06,용담1동,44580,1379504731
2019-06,용담2동,105203,3258004406
2019-06,우도면,3050,124824463
2019-06,이도1동,60311,1732951818
2019-06,이도2동,379036,11049929949
2019-06,이호동,25570,805854652
2019-06,일도1동,22650,794120116
2019-06,일도2동,226755,6720924531
2019-06,정방동,11335,464997793
2019-06,조천읍,118904,3740177429
2019-06,중문동,58460,2170506498
2019-06,중앙동,17146,671698663
2019-06,천지동,18333,707176389
2019-06,추자면,3160,131563859
2019-06,표선면,38057,1278585529
2019-06,한경면,28082,984016449
2019-06,한림읍,80757,2834753054
2019-06,화북동,167427,4660315740
2019-06,효돈동,24630,870866803
2019-07,건입동,69440,2246423321
2019-07,구좌읍,53339,1753573681
2019-07,남원읍,59755,2101813304
2019-07,노형동,473087,13605562201
2019-07,대륜동,85603,2810880367
2019-07,대정읍,92058,2967428445
2019-07,대천동,86550,2663082053
2019-07,도두동,20905,710659730
2019-07,동홍동,148753,4733200141
2019-07,봉개동,24294,735078896
2019-07,삼도1동,103051,2959157519
2019-07,삼도2동,60734,1869361125
2019-07,삼양동,170716,4722322472
2019-07,서홍동,68271,2406304497
2019-07,성산읍,52928,1834273302
2019-07,송산동,19174,845370626
2019-07,아라동,246801,7022874410
2019-07,안덕면,52161,1690684249
2019-07,알수없음,5901,182317649
2019-07,애월읍,181847,5614678311
2019-07,연동,359561,10720999688
2019-07,영천동,28416,960201361
2019-07,예래동,19189,710901760
2019-07,오라동,116160,3472010300
2019-07,외도동,167215,4828051546
2019-07,용담1동,47884,1479058116
2019-07,용담2동,107099,3364921528
2019-07,우도면,3514,132930027
2019-07,이도1동,63112,1808859109
2019-07,이도2동,390778,11272543174
2019-07,이호동,27722,865471611
2019-07,일도1동,22813,908624822
2019-07,일도2동,233768,6714944452
2019-07,정방동,12484,476172880
2019-07,조천읍,126976,3876898894
2019-07,중문동,63296,2259568687
2019-07,중앙동,19135,802874999
2019-07,천지동,19390,778648216
2019-07,추자면,3588,145057373
2019-07,표선면,40952,1459715761
2019-07,한경면,28737,978697188
2019-07,한림읍,85403,3031615070
2019-07,화북동,175990,4971848924
2019-07,효돈동,24891,897932231
2019-08,건입동,72033,2376634236
2019-08,구좌읍,55071,1919855334
2019-08,남원읍,61135,2295853696
2019-08,노형동,497788,14517489727
2019-08,대륜동,87090,2972790753
2019-08,대정읍,112156,3711543843
2019-08,대천동,90769,2911741640
2019-08,도두동,21093,830539890
2019-08,동홍동,150965,5016863120
2019-08,봉개동,24184,775543549
2019-08,삼도1동,107341,3186671367
2019-08,삼도2동,63361,1968981090
2019-08,삼양동,179986,5256813068
2019-08,서홍동,72549,2577832605
2019-08,성산읍,54932,1901605349
2019-08,송산동,20822,813532383
2019-08,아라동,256537,7349551098
2019-08,안덕면,53474,1796903636
2019-08,알수없음,5606,202005018
2019-08,애월읍,187049,6110965837
2019-08,연동,384573,11587240252
2019-08,영천동,28587,990354409
2019-08,예래동,20489,760157284
2019-08,오라동,122019,3722187512
2019-08,외도동,174039,5026991973
2019-08,용담1동,51163,1655020128
2019-08,용담2동,112504,3480213340
2019-08,우도면,3816,166080537
2019-08,이도1동,67361,2018336670
2019-08,이도2동,412479,12214899413
2019-08,이호동,28894,939642212
2019-08,일도1동,22610,793387425
2019-08,일도2동,247277,7265214680
2019-08,정방동,13272,527672930
2019-08,조천읍,129314,4194332078
2019-08,중문동,66126,2455890131
2019-08,중앙동,19130,813191042
2019-08,천지동,19697,778442544
2019-08,추자면,3732,139021725
2019-08,표선면,44103,1588126461
2019-08,한경면,29519,1094525259
2019-08,한림읍,89071,3195321140
2019-08,화북동,182967,5321032431
2019-08,효돈동,25567,938509526
2019-09,건입동,65202,2248801315
2019-09,구좌읍,48900,1718459252
2019-09,남원읍,54141,2151764101
2019-09,노형동,444287,13641530164
2019-09,대륜동,76625,2769101947
2019-09,대정읍,102643,3459344158
2019-09,대천동,80865,2657903270
2019-09,도두동,18760,741352666
2019-09,동홍동,132212,4636145097
2019-09,봉개동,22210,727058791
2019-09,삼도1동,98698,2941313553
2019-09,삼도2동,56550,1839462083
2019-09,삼양동,156754,4626349682
2019-09,서홍동,63763,2449630909
2019-09,성산읍,48931,1770240934
2019-09,송산동,18352,804446318
2019-09,아라동,229192,6811591505
2019-09,안덕면,50102,1716831734
2019-09,알수없음,5294,177061133
2019-09,애월읍,165993,5546107598
2019-09,연동,346239,10780674428
2019-09,영천동,26371,927860243
2019-09,예래동,18560,687789353
2019-09,오라동,108683,3487615830
2019-09,외도동,153726,4717637392
2019-09,용담1동,45365,1484321948
2019-09,용담2동,101219,3394912241
2019-09,우도면,2792,104302347
2019-09,이도1동,58194,1777584996
2019-09,이도2동,365607,10986743709
2019-09,이호동,26656,854726638
2019-09,일도1동,20658,805362714
2019-09,일도2동,222102,6992028838
2019-09,정방동,10696,464504994
2019-09,조천읍,113851,3654525543
2019-09,중문동,57480,2294593509
2019-09,중앙동,16753,763694067
2019-09,천지동,18018,703660107
2019-09,추자면,3206,149267564
2019-09,표선면,37702,1405206741
2019-09,한경면,25663,979927200
2019-09,한림읍,79936,2918974218
2019-09,화북동,164125,5129806500
2019-09,효돈동,22320,879207193
2019-10,건입동,68030,2202947872
2019-10,구좌읍,52998,1719898649
2019-10,남원읍,58995,2215043353
2019-10,노형동,478671,13984653738
2019-10,대륜동,81322,2712765960
2019-10,대정읍,112846,3594059813
2019-10,대천동,89882,2915684423
2019-10,도두동,20970,851876322
2019-10,동홍동,142297,4619575334
2019-10,봉개동,23994,710409621
2019-10,삼도1동,105163,2993582191
2019-10,삼도2동,62381,1869006547
2019-10,삼양동,174425,4778349612
2019-10,서홍동,67161,2419100799
2019-10,성산읍,52860,1847198100
2019-10,송산동,20301,797748518
2019-10,아라동,250691,6983717915
2019-10,안덕면,51889,1813114903
2019-10,알수없음,5876,202258401
2019-10,애월읍,180762,5652477876
2019-10,연동,372773,11073678454
2019-10,영천동,27863,975708948
2019-10,예래동,18256,725196515
2019-10,오라동,115617,3427772501
2019-10,외도동,165701,4746822728
2019-10,용담1동,48589,1529101989
2019-10,용담2동,107928,3277146966
2019-10,우도면,2905,144372356
2019-10,이도1동,64509,1912233020
2019-10,이도2동,393242,11365105553
2019-10,이호동,29496,942787663
2019-10,일도1동,23204,828816805
2019-10,일도2동,238454,6719354602
2019-10,정방동,11415,460443203
2019-10,조천읍,125596,3921841944
2019-10,중문동,62096,2276363886
2019-10,중앙동,17299,769898336
2019-10,천지동,20342,826461059
2019-10,추자면,3455,125384163
2019-10,표선면,38750,1431101223
2019-10,한경면,27555,940676871
2019-10,한림읍,87469,3054948879
2019-10,화북동,176114,4887367536
2019-10,효돈동,22614,879065662
2019-11,건입동,65447,2147913543
2019-11,구좌읍,49722,1621862330
2019-11,남원읍,56581,2147049922
2019-11,노형동,452760,13373811044
2019-11,대륜동,79082,2702803965
2019-11,대정읍,106996,3424143549
2019-11,대천동,83363,2669000445
2019-11,도두동,20673,726887624
2019-11,동홍동,133919,4474935049
2019-11,봉개동,22495,693977876
2019-11,삼도1동,101021,2965071181
2019-11,삼도2동,58185,1760502139
2019-11,삼양동,167870,4754441018
2019-11,서홍동,63112,2222186525
2019-11,성산읍,49938,1790483533
2019-11,송산동,19790,823962800
2019-11,아라동,241403,6719350930
2019-11,안덕면,48258,1637706178
2019-11,알수없음,5585,196369681
2019-11,애월읍,172420,5491958493
2019-11,연동,354786,10746290130
2019-11,영천동,26555,932300416
2019-11,예래동,17734,674229398
2019-11,오라동,109209,3347915789
2019-11,외도동,160110,4498277862
2019-11,용담1동,45470,1415621881
2019-11,용담2동,103136,3060752452
2019-11,우도면,2761,122016551
2019-11,이도1동,62015,1851655729
2019-11,이도2동,370373,10790383169
2019-11,이호동,27137,840041552
2019-11,일도1동,21538,720107721
2019-11,일도2동,227219,6627585883
2019-11,정방동,10808,408087729
2019-11,조천읍,119268,3660489391
2019-11,중문동,59307,2464064100
2019-11,중앙동,16857,731130768
2019-11,천지동,18438,833748534
2019-11,추자면,3554,118410667
2019-11,표선면,37771,1328253998
2019-11,한경면,25025,864757011
2019-11,한림읍,82888,2971842982
2019-11,화북동,167609,4916902726
2019-11,효돈동,22371,818889421
2019-12,건입동,67271,2326009491
2019-12,구좌읍,51112,1677995037
2019-12,남원읍,57597,2358832170
2019-12,노형동,468864,14539282917
2019-12,대륜동,80914,2799412915
2019-12,대정읍,102294,3535882579
2019-12,대천동,87974,2850321051
2019-12,도두동,21196,784140459
2019-12,동홍동,139881,4883219735
2019-12,봉개동,24128,804064747
2019-12,삼도1동,102023,3122924041
2019-12,삼도2동,58793,1873695363
2019-12,삼양동,175959,5116664176
2019-12,서홍동,65507,2392107401
2019-12,성산읍,52589,1876260855
2019-12,송산동,19601,817353080
2019-12,아라동,248259,7533610231
2019-12,안덕면,49880,1758030934
2019-12,알수없음,5784,179502914
2019-12,애월읍,180618,6104484871
2019-12,연동,368119,11452420672
2019-12,영천동,27578,1008864341
2019-12,예래동,19008,736187593
2019-12,오라동,115496,3652965223
2019-12,외도동,163655,5103154399
2019-12,용담1동,48836,1528072602
2019-12,용담2동,105883,3368687015
2019-12,우도면,2561,106976174
2019-12,이도1동,62915,1989787247
2019-12,이도2동,389348,11891738008
2019-12,이호동,27577,890143198
2019-12,일도1동,21370,787973543
2019-12,일도2동,236722,7248762733
2019-12,정방동,11329,469768292
2019-12,조천읍,122186,4022769031
2019-12,중문동,63064,2483191112
2019-12,중앙동,17896,867140798
2019-12,천지동,20175,832892945
2019-12,추자면,2975,136628478
2019-12,표선면,40297,1410539325
2019-12,한경면,26939,990645566
2019-12,한림읍,84847,3059718489
2019-12,화북동,171650,5290134364
2019-12,효돈동,23662,927411701
2020-01,건입동,64591,2199376505
2020-01,구좌읍,48216,1662043234
2020-01,남원읍,54896,2209610333
2020-01,노형동,446100,13911571758
2020-01,대륜동,76614,2696348519
2020-01,대정읍,101918,3654628318
2020-01,대천동,78616,2780890647
2020-01,도두동,20382,722146286
2020-01,동홍동,136841,5028824931
2020-01,봉개동,22918,758960714
2020-01,삼도1동,95712,3119166026
2020-01,삼도2동,56939,1853296176
2020-01,삼양동,167034,4909486787
2020-01,서홍동,63956,2551116778
2020-01,성산읍,50872,1940059861
2020-01,송산동,18485,850255527
2020-01,아라동,233111,7280723913
2020-01,안덕면,46296,1720193770
2020-01,알수없음,5628,182277366
2020-01,애월읍,169786,5920332825
2020-01,연동,352278,11168872880
2020-01,영천동,25762,972856462
2020-01,예래동,18888,699912133
2020-01,오라동,110141,3621957298
2020-01,외도동,154775,4726504541
2020-01,용담1동,46297,1592890223
2020-01,용담2동,103054,3344603966
2020-01,우도면,2191,97764435
2020-01,이도1동,59720,1895572796
2020-01,이도2동,371146,11564936727
2020-01,이호동,27738,952655719
2020-01,일도1동,21815,788173584
2020-01,일도2동,228270,7200903681
2020-01,정방동,11068,464207916
2020-01,조천읍,113914,3786912775
2020-01,중문동,59732,2399310953
2020-01,중앙동,18558,853581563
2020-01,천지동,20174,826647168
2020-01,추자면,2865,107484234
2020-01,표선면,36867,1361306944
2020-01,한경면,25770,982580903
2020-01,한림읍,81403,3048863475
2020-01,화북동,161328,5179124581
2020-01,효돈동,23040,944955387
2020-02,건입동,58081,1932334160
2020-02,구좌읍,43809,1397173286
2020-02,남원읍,46866,1849987492
2020-02,노형동,404237,11835853905
2020-02,대륜동,68181,2261277151
2020-02,대정읍,93240,3122714120
2020-02,대천동,70651,2241133657
2020-02,도두동,17249,511197796
2020-02,동홍동,122060,4112882167
2020-02,봉개동,21750,672280432
2020-02,삼도1동,88546,2712875987
2020-02,삼도2동,50001,1540509600
2020-02,삼양동,156516,4441620226
2020-02,서홍동,55330,1961624490
2020-02,성산읍,44372,1518201609
2020-02,송산동,17828,660945788
2020-02,아라동,216002,6375541255
2020-02,안덕면,43120,1490346976
2020-02,알수없음,5296,144287056
2020-02,애월읍,152374,4970769830
2020-02,연동,321102,9634699615
2020-02,영천동,23224,750060156
2020-02,예래동,16091,568278103
2020-02,오라동,100023,3014625016
2020-02,외도동,143115,4248972567
2020-02,용담1동,41874,1347399305
2020-02,용담2동,91148,2685692359
2020-02,우도면,2354,80992508
2020-02,이도1동,56367,1677281622
2020-02,이도2동,341409,10107656936
2020-02,이호동,23575,736119640
2020-02,일도1동,17854,579737347
2020-02,일도2동,202482,5883195176
2020-02,정방동,9820,379221054
2020-02,조천읍,106158,3331707048
2020-02,중문동,53058,1822002869
2020-02,중앙동,16070,672012026
2020-02,천지동,16486,699748632
2020-02,추자면,2730,117560582
2020-02,표선면,34767,1120063326
2020-02,한경면,22644,786377224
2020-02,한림읍,73139,2566885527
2020-02,화북동,149184,4475716193
2020-02,효돈동,20095,762292506
2020-03,건입동,63515,2102154780
2020-03,구좌읍,50270,1597845440
2020-03,남원읍,52035,1963966880
2020-03,노형동,450630,12970281610
2020-03,대륜동,78145,2525870905
2020-03,대정읍,104375,3514820160
2020-03,대천동,80255,2600029795
2020-03,도두동,18120,548476060
2020-03,동홍동,135655,4533272810
2020-03,봉개동,24850,823751060
2020-03,삼도1동,99235,2880977780
2020-03,삼도2동,53295,1621065315
2020-03,삼양동,170385,4812160720
2020-03,서홍동,60660,2234034650
2020-03,성산읍,51185,1701518560
2020-03,송산동,19585,737976280
2020-03,아라동,237920,6839785880
2020-03,안덕면,47625,1630749360
2020-03,알수없음,6040,197273750
2020-03,애월읍,169780,5517492375
2020-03,연동,345085,10053396680
2020-03,영천동,25180,839734930
2020-03,예래동,18290,675614910
2020-03,오라동,112100,3447747915
2020-03,외도동,158600,4624688425
2020-03,용담1동,47135,1465749060
2020-03,용담2동,100110,2855166465
2020-03,우도면,3360,124543500
2020-03,이도1동,62785,1797134760
2020-03,이도2동,379460,10867485055
2020-03,이호동,25600,772201700
2020-03,일도1동,19840,688883200
2020-03,일도2동,224500,6502677270
2020-03,정방동,10525,446048300
2020-03,조천읍,117645,3753479595
2020-03,중문동,59265,2017135800
2020-03,중앙동,17165,699588355
2020-03,천지동,17945,683299545
2020-03,추자면,3160,108149900
2020-03,표선면,39075,1246398520
2020-03,한경면,26725,986796600
2020-03,한림읍,80920,2774680315
2020-03,화북동,166740,4900358410
2020-03,효돈동,21400,740560190
2020-04,건입동,63865,2055786262
2020-04,구좌읍,51703,1593327223
2020-04,남원읍,54791,2006436259
2020-04,노형동,453920,13179797313
2020-04,대륜동,79311,2553892454
2020-04,대정읍,101927,3493657345
2020-04,대천동,82099,2607006052
2020-04,도두동,19218,611006268
2020-04,동홍동,138376,4529676476
2020-04,봉개동,25518,761542559
2020-04,삼도1동,98504,2878447669
2020-04,삼도2동,52053,1594483108
2020-04,삼양동,173664,4819633050
2020-04,서홍동,61609,2222871414
2020-04,성산읍,52272,1786870859
2020-04,송산동,18792,699669601
2020-04,아라동,247021,7152908107
2020-04,안덕면,48657,1651335090
2020-04,알수없음,6432,207309895
2020-04,애월읍,170561,5686864375
2020-04,연동,352275,10120161842
2020-04,영천동,26511,899908927
2020-04,예래동,19111,696652395
2020-04,오라동,113794,3445010633
2020-04,외도동,156486,4617968296
2020-04,용담1동,47615,1430372333
2020-04,용담2동,102591,2889018068
2020-04,우도면,3440,130642469
2020-04,이도1동,61735,1873166589
2020-04,이도2동,382236,11017900372
2020-04,이호동,26166,783873895
2020-04,일도1동,19516,631807611
2020-04,일도2동,227425,6666893319
2020-04,정방동,11040,426526824
2020-04,조천읍,121263,3900471484
2020-04,중문동,59418,1990342846
2020-04,중앙동,17321,703662131
2020-04,천지동,17760,665519638
2020-04,추자면,3218,138280591
2020-04,표선면,40505,1336521796
2020-04,한경면,27321,937511998
2020-04,한림읍,82157,2815657375
2020-04,화북동,166981,5073226572
2020-04,효돈동,22653,776379024
2020-05,건입동,71925,2407278063
2020-05,구좌읍,64303,2162521226
2020-05,남원읍,60696,2374787213
2020-05,노형동,517815,15545211214
2020-05,대륜동,87036,2801378197
2020-05,대정읍,121951,4142967886
2020-05,대천동,97066,3059719263
2020-05,도두동,21531,693846064
2020-05,동홍동,148857,5390808815
2020-05,봉개동,29510,1030280348
2020-05,삼도1동,111579,3409075479
2020-05,삼도2동,60874,1906924744
2020-05,삼양동,199158,5771068353
2020-05,서홍동,70716,2580897768
2020-05,성산읍,58941,2093568527
2020-05,송산동,20751,813858591
2020-05,아라동,272185,8397558123
2020-05,안덕면,55774,1950618126
2020-05,알수없음,8414,266037857
2020-05,애월읍,194101,6595906433
2020-05,연동,394416,12036567119
2020-05,영천동,28247,939609373
2020-05,예래동,22064,833505660
2020-05,오라동,127685,4030053423
2020-05,외도동,177696,5364278559
2020-05,용담1동,52742,1620032622
2020-05,용담2동,115272,3542262870
2020-05,우도면,4178,150454654
2020-05,이도1동,71149,2165232061
2020-05,이도2동,431535,12958392935
2020-05,이호동,30110,954802761
2020-05,일도1동,23236,839433171
2020-05,일도2동,256530,7805064463
2020-05,정방동,12556,523268380
2020-05,조천읍,142591,4621925808
2020-05,중문동,68330,2328989440
2020-05,중앙동,19329,817875743
2020-05,천지동,21039,811131627
2020-05,추자면,3421,139788141
2020-05,표선면,46323,1572098927
2020-05,한경면,30158,1116712287
2020-05,한림읍,96077,3447782966
2020-05,화북동,188001,5596834752
2020-05,효돈동,25652,936685749
2020-06,건입동,68355,2217314587
2020-06,구좌읍,59708,1945344694
2020-06,남원읍,56820,2153720509
2020-06,노형동,478702,13733434740
2020-06,대륜동,80359,2547567987
2020-06,대정읍,112548,3724716315
2020-06,대천동,88645,2803272088
2020-06,도두동,20175,662288395
2020-06,동홍동,137937,4741418946
2020-06,봉개동,27672,852553258
2020-06,삼도1동,103985,3031999618
2020-06,삼도2동,57543,1752944702
2020-06,삼양동,179507,4973995493
2020-06,서홍동,64959,2403060881
2020-06,성산읍,56125,1940655591
2020-06,송산동,19905,792593808
2020-06,아라동,253021,7410321365
2020-06,안덕면,51583,1723914335
2020-06,알수없음,8865,297824869
2020-06,애월읍,183124,5892741771
2020-06,연동,363382,10580489562
2020-06,영천동,27297,934919107
2020-06,예래동,20281,747838688
2020-06,오라동,119578,3568854009
2020-06,외도동,168118,4763712715
2020-06,용담1동,48451,1456818379
2020-06,용담2동,104376,2930623888
2020-06,우도면,4335,182775502
2020-06,이도1동,67683,1958558554
2020-06,이도2동,396579,11325963317
2020-06,이호동,26920,838865411
2020-06,일도1동,20538,712188546
2020-06,일도2동,240461,6928532089
2020-06,정방동,11931,447207831
2020-06,조천읍,132705,4151434039
2020-06,중문동,63841,2071626767
2020-06,중앙동,18752,830379684
2020-06,천지동,19287,717484404
2020-06,추자면,3214,125520027
2020-06,표선면,42105,1414310288
2020-06,한경면,27066,985400281
2020-06,한림읍,87328,3169521238
2020-06,화북동,173343,5034293248
2020-06,효돈동,23071,839345874
2020-07,건입동,69904,2218013652
2020-07,구좌읍,62099,1993199116
2020-07,남원읍,61896,2405885355
2020-07,노형동,487593,14329453160
2020-07,대륜동,87067,2792513815
2020-07,대정읍,109575,3773104624
2020-07,대천동,88877,2837819952
2020-07,도두동,21127,717906584
2020-07,동홍동,145061,5204740388
2020-07,봉개동,27924,826762561
2020-07,삼도1동,108459,3260244854
2020-07,삼도2동,58794,1760652593
2020-07,삼양동,183056,5131708438
2020-07,서홍동,66886,2451449701
2020-07,성산읍,58437,2007179623
2020-07,송산동,20553,752512359
2020-07,아라동,260834,7572355375
2020-07,안덕면,52701,1945308384
2020-07,알수없음,6129,212088143
2020-07,애월읍,183694,6042869839
2020-07,연동,379886,11160067768
2020-07,영천동,28173,942841528
2020-07,예래동,22212,826188031
2020-07,오라동,122949,3706747776
2020-07,외도동,172950,4957346418
2020-07,용담1동,50703,1483361073
2020-07,용담2동,108403,3166311494
2020-07,우도면,4152,184330846
2020-07,이도1동,69143,2034484377
2020-07,이도2동,409268,11696893314
2020-07,이호동,27939,871754459
2020-07,일도1동,22107,736230051
2020-07,일도2동,246354,7117788640
2020-07,정방동,12029,465303302
2020-07,조천읍,134028,4141116728
2020-07,중문동,66077,2250800621
2020-07,중앙동,19019,801649402
2020-07,천지동,21001,836650881
2020-07,추자면,3135,129526608
2020-07,표선면,43968,1538136782
2020-07,한경면,29152,1001057189
2020-07,한림읍,90184,3166405131
2020-07,화북동,179097,5179206997
2020-07,효돈동,25920,934851932
2020-08,건입동,76019,2431587029
2020-08,구좌읍,66932,2200399291
2020-08,남원읍,66892,2604583349
2020-08,노형동,518714,15157188605
2020-08,대륜동,91936,3036589950
2020-08,대정읍,120431,4139891740
2020-08,대천동,91299,3060798077
2020-08,도두동,22591,752943567
2020-08,동홍동,158031,5485929254
2020-08,봉개동,28850,911370081
2020-08,삼도1동,115795,3456161762
2020-08,삼도2동,64030,1993833537
2020-08,삼양동,194103,5645452742
2020-08,서홍동,75328,2776825072
2020-08,성산읍,63862,2465630570
2020-08,송산동,22540,892940180
2020-08,아라동,274848,8136525714
2020-08,안덕면,58437,2127662906
2020-08,알수없음,6640,205674492
2020-08,애월읍,198843,6736369767
2020-08,연동,403937,12152697491
2020-08,영천동,29403,1109512215
2020-08,예래동,24194,865785992
2020-08,오라동,129463,4079021348
2020-08,외도동,185835,5417101473
2020-08,용담1동,52898,1765490326
2020-08,용담2동,118833,3495943984
2020-08,우도면,4485,264889627
2020-08,이도1동,71769,2110403225
2020-08,이도2동,439787,12891924644
2020-08,이호동,29110,911014670
2020-08,일도1동,23232,901922595
2020-08,일도2동,260772,7931312137
2020-08,정방동,12635,513924436
2020-08,조천읍,141455,4516197562
2020-08,중문동,68283,2430837472
2020-08,중앙동,20172,886465040
2020-08,천지동,22749,843699393
2020-08,추자면,3106,137689304
2020-08,표선면,46787,1621550976
2020-08,한경면,32027,1201998662
2020-08,한림읍,95960,3680983016
2020-08,화북동,189403,5869295042
2020-08,효돈동,27607,1020424144
2020-09,건입동,72747,2467082637
2020-09,구좌읍,62204,2155606996
2020-09,남원읍,60749,2449919194
2020-09,노형동,491009,14986648922
2020-09,대륜동,85975,3039059944
2020-09,대정읍,113156,4025121762
2020-09,대천동,88007,3038282256
2020-09,도두동,21272,736123240
2020-09,동홍동,148965,5529989747
2020-09,봉개동,26326,855764683
2020-09,삼도1동,111136,3424394811
2020-09,삼도2동,61154,1978157756
2020-09,삼양동,183068,5585851270
2020-09,서홍동,71148,2739581308
2020-09,성산읍,58031,2238406314
2020-09,송산동,21446,910408940
2020-09,아라동,262939,8240483270
2020-09,안덕면,54248,2006553474
2020-09,알수없음,7808,263746722
2020-09,애월읍,188470,6560186788
2020-09,연동,388249,12097196871
2020-09,영천동,28792,1065338464
2020-09,예래동,20646,801794788
2020-09,오라동,119859,3834641164
2020-09,외도동,176429,5467556876
2020-09,용담1동,51808,1665930551
2020-09,용담2동,113165,3567113915
2020-09,우도면,4361,183836394
2020-09,이도1동,68885,2200831215
2020-09,이도2동,414157,12446037578
2020-09,이호동,28023,913228851
2020-09,일도1동,22561,797509516
2020-09,일도2동,247535,7700235300
2020-09,정방동,11704,493576668
2020-09,조천읍,135125,4644876859
2020-09,중문동,65091,2328651234
2020-09,중앙동,18890,907857625
2020-09,천지동,20133,876707278
2020-09,추자면,3330,136294620
2020-09,표선면,43072,1604451522
2020-09,한경면,32435,1300682583
2020-09,한림읍,91068,3401339427
2020-09,화북동,179209,5720820668
2020-09,효돈동,25620,994692273
2020-10,건입동,68711,2315902790
2020-10,구좌읍,60641,1976863695
2020-10,남원읍,60390,2548132183
2020-10,노형동,485118,14092069932
2020-10,대륜동,86098,2839319476
2020-10,대정읍,115599,3950888333
2020-10,대천동,87965,2896840531
2020-10,도두동,20937,667566325
2020-10,동홍동,145661,5039806373
2020-10,봉개동,26370,806800132
2020-10,삼도1동,109366,3247228680
2020-10,삼도2동,59157,1863374752
2020-10,삼양동,180073,5241412033
2020-10,서홍동,69348,2501156311
2020-10,성산읍,54388,1992876740
2020-10,송산동,21109,857179220
2020-10,아라동,262602,7583321752
2020-10,안덕면,54127,1885248155
2020-10,알수없음,8440,303357061
2020-10,애월읍,184267,6291233306
2020-10,연동,379985,11454644738
2020-10,영천동,27395,940649577
2020-10,예래동,19474,809869030
2020-10,오라동,118536,3576373111
2020-10,외도동,174589,5147505857
2020-10,용담1동,50233,1536015111
2020-10,용담2동,110164,3189692900
2020-10,우도면,3958,208981402
2020-10,이도1동,66559,2032953008
2020-10,이도2동,405210,11712566855
2020-10,이호동,26690,821229401
2020-10,일도1동,21611,840522398
2020-10,일도2동,238336,7249169497
2020-10,정방동,11055,443998236
2020-10,조천읍,132197,4277672548
2020-10,중문동,64141,2278215786
2020-10,중앙동,18451,854645987
2020-10,천지동,19158,726247025
2020-10,추자면,3620,137736634
2020-10,표선면,42433,1466604759
2020-10,한경면,30271,1119707134
2020-10,한림읍,85443,3211136879
2020-10,화북동,178337,5308453116
2020-10,효돈동,24925,914701058
2020-11,건입동,68450,2232551732
2020-11,구좌읍,58724,1931285873
2020-11,남원읍,59572,2651747871
2020-11,노형동,468693,14075130838
2020-11,대륜동,83684,2779368222
2020-11,대정읍,109856,3837524236
2020-11,대천동,86481,2801884148
2020-11,도두동,20583,736125798
2020-11,동홍동,144287,4949823626
2020-11,봉개동,25862,887809671
2020-11,삼도1동,104800,3184244494
2020-11,삼도2동,57922,1819800389
2020-11,삼양동,173723,5070681976
2020-11,서홍동,67314,2387487782
2020-11,성산읍,52966,2005971064
2020-11,송산동,20492,884244622
2020-11,아라동,253943,7398939165
2020-11,안덕면,51761,1935848862
2020-11,알수없음,8519,312563299
2020-11,애월읍,178588,6136499627
2020-11,연동,368229,11144937115
2020-11,영천동,27273,966066196
2020-11,예래동,19921,805315518
2020-11,오라동,116780,3602071736
2020-11,외도동,164971,4917144848
2020-11,용담1동,48953,1575677222
2020-11,용담2동,106371,3203439817
2020-11,우도면,3815,195057202
2020-11,이도1동,63623,1888760665
2020-11,이도2동,393254,11638865041
2020-11,이호동,26338,848745539
2020-11,일도1동,21763,707574701
2020-11,일도2동,231379,7160976017
2020-11,정방동,11090,387449493
2020-11,조천읍,126432,4129601310
2020-11,중문동,62003,2256311332
2020-11,중앙동,18945,788900062
2020-11,천지동,20442,811450960
2020-11,추자면,3352,136120783
2020-11,표선면,42506,1589821122
2020-11,한경면,28740,1082188757
2020-11,한림읍,81226,2947492747
2020-11,화북동,168822,5015631389
2020-11,효돈동,24742,896324037
2020-12,건입동,65320,2143873318
2020-12,구좌읍,55373,1788050003
2020-12,남원읍,59485,2390907023
2020-12,노형동,462585,13612729322
2020-12,대륜동,82606,2800405796
2020-12,대정읍,110937,3966505880
2020-12,대천동,86444,2911324825
2020-12,도두동,20229,684019062
2020-12,동홍동,146027,4878169698
2020-12,봉개동,24190,744445541
2020-12,삼도1동,105309,3128230340
2020-12,삼도2동,56016,1736634824
2020-12,삼양동,174724,5040181390
2020-12,서홍동,68127,2416191817
2020-12,성산읍,52183,1849938784
2020-12,송산동,21423,828294135
2020-12,아라동,248513,7282286820
2020-12,안덕면,51975,1887803389
2020-12,알수없음,5869,197864119
2020-12,애월읍,175409,6026457720
2020-12,연동,363586,10950834464
2020-12,영천동,27703,991007655
2020-12,예래동,18394,747717734
2020-12,오라동,113824,3461036463
2020-12,외도동,166608,5034016415
2020-12,용담1동,47158,1478435515
2020-12,용담2동,105376,3028069114
2020-12,우도면,3529,138676379
2020-12,이도1동,63117,1822613947
2020-12,이도2동,387465,11180642607
2020-12,이호동,27107,871209926
2020-12,일도1동,21225,738885966
2020-12,일도2동,228529,6729608992
2020-12,정방동,10082,360885003
2020-12,조천읍,122771,4091131754
2020-12,중문동,61961,2059084180
2020-12,중앙동,19456,900247209
2020-12,천지동,21031,854123936
2020-12,추자면,3530,128578558
2020-12,표선면,42409,1546521931
2020-12,한경면,26370,977264080
2020-12,한림읍,79251,2877238015
2020-12,화북동,168754,5204402279
2020-12,효돈동,24019,885487331
2021-01,건입동,64067,2056839831
2021-01,구좌읍,53400,1724115854
2021-01,남원읍,58074,2370300682
2021-01,노형동,445947,12984637744
2021-01,대륜동,81093,2667910643
2021-01,대정읍,108912,3751035070
2021-01,대천동,82552,2699914764
2021-01,도두동,19453,625007963
2021-01,동홍동,141595,4731105700
2021-01,봉개동,23802,764010894
2021-01,삼도1동,101054,3068006532
2021-01,삼도2동,55979,1697873458
2021-01,삼양동,165933,4827649725
2021-01,서홍동,67223,2403450259
2021-01,성산읍,48654,1661771741
2021-01,송산동,19978,815445043
2021-01,아라동,240253,7058585492
2021-01,안덕면,49387,1761505641
2021-01,알수없음,5348,180676329
2021-01,애월읍,166614,5610814447
2021-01,연동,352085,10428587959
2021-01,영천동,27114,964797322
2021-01,예래동,17845,666315640
2021-01,오라동,110273,3290458126
2021-01,외도동,162551,4834499209
2021-01,용담1동,46280,1402224228
2021-01,용담2동,99731,2911326371
2021-01,우도면,2977,123222990
2021-01,이도1동,61274,1859551737
2021-01,이도2동,374185,10780539176
2021-01,이호동,24971,787840506
2021-01,일도1동,20254,733359180
2021-01,일도2동,220848,6515884511
2021-01,정방동,10347,380812983
2021-01,조천읍,116784,3795946760
2021-01,중문동,59183,2010561620
2021-01,중앙동,19587,793679338
2021-01,천지동,19026,724697968
2021-01,추자면,2924,114517570
2021-01,표선면,39760,1350426454
2021-01,한경면,25085,924309394
2021-01,한림읍,79359,2876224343
2021-01,화북동,161486,4769806277
2021-01,효돈동,23593,837471588
2021-02,건입동,60432,2034667432
2021-02,구좌읍,49828,1710031353
2021-02,남원읍,52331,2197914050
2021-02,노형동,414435,12580472724
2021-02,대륜동,76049,2610214274
2021-02,대정읍,101497,3530665743
2021-02,대천동,72880,2409122467
2021-02,도두동,17562,618632566
2021-02,동홍동,127567,4588002884
2021-02,봉개동,22290,754566647
2021-02,삼도1동,93386,2933705786
2021-02,삼도2동,50739,1642832724
2021-02,삼양동,155499,4720737717
2021-02,서홍동,61496,2247245394
2021-02,성산읍,47094,1857691872
2021-02,송산동,17845,773329083
2021-02,아라동,225693,6920596010
2021-02,안덕면,44616,1796303763
2021-02,알수없음,4305,159696790
2021-02,애월읍,159259,5493712832
2021-02,연동,325933,10036160605
2021-02,영천동,24619,913468534
2021-02,예래동,16304,615947178
2021-02,오라동,101603,3244752871
2021-02,외도동,147453,4669859571
2021-02,용담1동,42823,1438755826
2021-02,용담2동,92198,2802508636
2021-02,우도면,3068,133728921
2021-02,이도1동,58055,1763227421
2021-02,이도2동,348601,10664325289
2021-02,이호동,23647,790982591
2021-02,일도1동,18005,658786489
2021-02,일도2동,204946,6363289874
2021-02,정방동,10116,410009102
2021-02,조천읍,107442,3675957021
2021-02,중문동,55278,2014900650
2021-02,중앙동,18012,751655944
2021-02,천지동,18252,744900219
2021-02,추자면,3081,107942297
2021-02,표선면,36988,1402572126
2021-02,한경면,25155,935457708
2021-02,한림읍,71758,2696077425
2021-02,화북동,147246,4855663792
2021-02,효돈동,22518,871237444
2021-03,건입동,67135,2135895869
2021-03,구좌읍,56543,1825241718
2021-03,남원읍,59815,2424682427
2021-03,노형동,469253,13648581256
2021-03,대륜동,89097,2956676781
2021-03,대정읍,119345,3956918292
2021-03,대천동,83704,2725289830
2021-03,도두동,20158,725752264
2021-03,동홍동,142792,4880522053
2021-03,봉개동,25177,790402797
2021-03,삼도1동,106212,3126700331
2021-03,삼도2동,58390,1827800025
2021-03,삼양동,176605,5117522370
2021-03,서홍동,70047,2407462735
2021-03,성산읍,54163,1960091454
2021-03,송산동,20853,834721602
2021-03,아라동,261919,7489244796
2021-03,안덕면,52757,1872135524
2021-03,알수없음,5049,186445683
2021-03,애월읍,185233,6250338448
2021-03,연동,376139,11077793065
2021-03,영천동,26595,934034643
2021-03,예래동,18956,720323996
2021-03,오라동,115586,3544014571
2021-03,외도동,168953,5040060689
2021-03,용담1동,48626,1570805306
2021-03,용담2동,102228,3097511873
2021-03,우도면,4263,220582292
2021-03,이도1동,64668,1854780678
2021-03,이도2동,394055,11305611539
2021-03,이호동,26646,846496087
2021-03,일도1동,19521,702372847
2021-03,일도2동,231871,6844133966
2021-03,정방동,11978,471614747
2021-03,조천읍,121886,3877274113
2021-03,중문동,63598,2118658712
2021-03,중앙동,20621,900214507
2021-03,천지동,20901,805932652
2021-03,추자면,3784,147300997
2021-03,표선면,42665,1475690629
2021-03,한경면,28488,988991233
2021-03,한림읍,82570,3099119655
2021-03,화북동,165920,4950375490
2021-03,효돈동,26236,925934742
2021-04,건입동,65678,2034043927
2021-04,구좌읍,56135,1900460311
2021-04,남원읍,61242,2547875344
2021-04,노형동,475408,13828634928
2021-04,대륜동,87527,2960301147
2021-04,대정읍,119138,4014447867
2021-04,대천동,82967,2667072642
2021-04,도두동,20109,694768057
2021-04,동홍동,143210,4775956883
2021-04,봉개동,27053,823857088
2021-04,삼도1동,104327,3215587728
2021-04,삼도2동,56794,1752454740
2021-04,삼양동,173349,5010339535
2021-04,서홍동,68354,2448888567
2021-04,성산읍,54491,1949649144
2021-04,송산동,19966,881612015
2021-04,아라동,259162,7541619734
2021-04,안덕면,53877,2053215746
2021-04,알수없음,4993,137582002
2021-04,애월읍,187512,6286298849
2021-04,연동,371773,10961839225
2021-04,영천동,26850,923565759
2021-04,예래동,18808,677649923
2021-04,오라동,114158,3468713102
2021-04,외도동,165445,5052439822
2021-04,용담1동,48629,1541590126
2021-04,용담2동,102752,3155093306
2021-04,우도면,4006,227943000
2021-04,이도1동,64744,1862145152
2021-04,이도2동,386384,11149516654
2021-04,이호동,26200,817416174
2021-04,일도1동,19973,704492399
2021-04,일도2동,228651,6606797426
2021-04,정방동,12652,548873512
2021-04,조천읍,126182,4124909697
2021-04,중문동,64243,2191705737
2021-04,중앙동,20551,842547995
2021-04,천지동,20035,775750872
2021-04,추자면,3642,127510177
2021-04,표선면,40726,1429364744
2021-04,한경면,28994,1043313074
2021-04,한림읍,82037,3005741626
2021-04,화북동,164318,5020200547
2021-04,효돈동,25705,968343722
2021-05,건입동,69276,2271682351
2021-05,구좌읍,58486,2019917773
2021-05,남원읍,61454,2392579575
2021-05,노형동,499350,14682332784
2021-05,대륜동,92284,2984824382
2021-05,대정읍,124713,4315015459
2021-05,대천동,86385,2817499183
2021-05,도두동,21848,783194895
2021-05,동홍동,148490,5022159347
2021-05,봉개동,29045,1017105847
2021-05,삼도1동,110684,3334744241
2021-05,삼도2동,58910,1814983261
2021-05,삼양동,185498,5473932801
2021-05,서홍동,72962,2518605435
2021-05,성산읍,56577,2099019602
2021-05,송산동,20874,820370549
2021-05,아라동,278040,8271673936
2021-05,안덕면,54581,2103261440
2021-05,알수없음,5225,165997264
2021-05,애월읍,195559,6602173426
2021-05,연동,387273,11598611186
2021-05,영천동,28809,1022975964
2021-05,예래동,20384,842161221
2021-05,오라동,118375,3633977607
2021-05,외도동,175043,5308232008
2021-05,용담1동,52315,1655060741
2021-05,용담2동,109920,3334198998
2021-05,우도면,4569,250769286
2021-05,이도1동,67357,2015444188
2021-05,이도2동,412017,12212816798
2021-05,이호동,29139,958347644
2021-05,일도1동,20377,734390897
2021-05,일도2동,237535,7071826843
2021-05,정방동,13320,505215749
2021-05,조천읍,132546,4449000259
2021-05,중문동,67418,2330368901
2021-05,중앙동,20755,853876361
2021-05,천지동,20599,808005263
2021-05,추자면,4097,136288202
2021-05,표선면,43970,1680576349
2021-05,한경면,31362,1171964148
2021-05,한림읍,89350,3324522296
2021-05,화북동,174749,5314942940
2021-05,효돈동,25243,897304608
2021-06,건입동,66800,2110776600
2021-06,구좌읍,56784,1941316878
2021-06,남원읍,61560,2418241022
2021-06,노형동,476646,13589255009
2021-06,대륜동,88477,2973063031
2021-06,대정읍,119311,4035440497
2021-06,대천동,83212,2749692635
2021-06,도두동,20543,693171386
2021-06,동홍동,143156,4721677663
2021-06,봉개동,27011,869267354
2021-06,삼도1동,104686,3073798858
2021-06,삼도2동,55448,1657060263
2021-06,삼양동,177398,5002089591
2021-06,서홍동,70215,2349149855
2021-06,성산읍,54860,1909047439
2021-06,송산동,22007,892550314
2021-06,아라동,271467,7681287156
2021-06,안덕면,53311,1932921841
2021-06,알수없음,4996,150722192
2021-06,애월읍,187858,6126521247
2021-06,연동,365662,10390083917
2021-06,영천동,27555,923754597
2021-06,예래동,18941,651655471
2021-06,오라동,112020,3299818069
2021-06,외도동,167166,4995077060
2021-06,용담1동,49726,1472193570
2021-06,용담2동,101736,3026011167
2021-06,우도면,4473,231426114
2021-06,이도1동,63831,1790318575
2021-06,이도2동,388360,10939157806
2021-06,이호동,27495,869103200
2021-06,일도1동,19193,684000356
2021-06,일도2동,224826,6423745396
2021-06,정방동,12680,465986126
2021-06,조천읍,124964,3952416381
2021-06,중문동,65295,2356559335
2021-06,중앙동,20414,826342640
2021-06,천지동,19414,750961663
2021-06,추자면,4326,167883700
2021-06,표선면,40962,1480487884
2021-06,한경면,30086,1096266339
2021-06,한림읍,84533,3090858420
2021-06,화북동,167413,4982321182
2021-06,효돈동,24585,864786389
