base_date,emd_nm,waste_em_cnt,waste_em_g,waste_pay_amt
2018-01,건입동,18416,45646550,1364804
2018-01,남원읍,9570,42437700,1270773
2018-01,노형동,113990,265018400,7883340
2018-01,대륜동,21666,57612600,1676850
2018-01,대정읍,10185,38885550,1164122
2018-01,대천동,20280,53858550,1593709
2018-01,도두동,5338,14694200,439510
2018-01,동홍동,45936,118701000,3501286
2018-01,봉개동,3709,10390450,310803
2018-01,삼도1동,28427,71078500,2125206
2018-01,삼도2동,16603,39820100,1176372
2018-01,삼양동,42726,102218000,3015893
2018-01,서홍동,15597,47230450,1397423
2018-01,성산읍,2456,11343100,339679
2018-01,송산동,6039,22834700,666988
2018-01,아라동,51381,120076450,3565424
2018-01,안덕면,2664,10007850,299586
2018-01,알수없음,1107,8880900,266153
2018-01,애월읍,3702,7744200,231453
2018-01,연동,87893,206889500,6167585
2018-01,영천동,5859,26620950,793393
2018-01,예래동,2951,12408800,349560
2018-01,오라동,21959,54526600,1630298
2018-01,외도동,40581,95864700,2864007
2018-01,용담1동,14853,40712250,1217614
2018-01,용담2동,28816,68654450,2052466
2018-01,이도1동,17909,51373100,1536695
2018-01,이도2동,99670,246651600,7371540
2018-01,이호동,6890,17513450,523688
2018-01,일도1동,5813,21302450,637606
2018-01,일도2동,67736,170627900,5102131
2018-01,정방동,6692,26958250,807070
2018-01,중문동,17791,52591350,1509185
2018-01,중앙동,11009,52602100,1574992
2018-01,천지동,9070,38935950,1132525
2018-01,표선면,3191,12716050,380699
2018-01,화북동,51690,114334400,3417187
2018-01,효돈동,4671,19263950,570534
2018-02,건입동,17491,42953550,1284216
2018-02,남원읍,8588,37088050,1110498
2018-02,노형동,103571,243744900,7286110
2018-02,대륜동,19252,51722150,1513367
2018-02,대정읍,9530,36731400,1099621
2018-02,대천동,17523,44956800,1337892
2018-02,도두동,4940,14004850,418870
2018-02,동홍동,43240,113812050,3355444
2018-02,봉개동,3511,9991650,298897
2018-02,삼도1동,27127,68419050,2045801
2018-02,삼도2동,15629,36785950,1086209
2018-02,삼양동,40524,96713450,2857023
2018-02,서홍동,15013,45843500,1358929
2018-02,성산읍,2323,10137100,303538
2018-02,송산동,6333,22845650,668102
2018-02,아라동,47792,113409350,3383674
2018-02,안덕면,2387,8852300,265021
2018-02,알수없음,950,7543950,226090
2018-02,애월읍,3182,6799950,203217
2018-02,연동,80743,191655500,5725187
2018-02,영천동,5595,24788850,739562
2018-02,예래동,2732,11120850,315450
2018-02,오라동,20462,51631850,1543747
2018-02,외도동,37306,88582050,2648170
2018-02,용담1동,14064,37374350,1117720
2018-02,용담2동,27464,65950150,1971602
2018-02,이도1동,16827,47339200,1416005
2018-02,이도2동,92603,230440750,6886558
2018-02,이호동,6487,16209850,484669
2018-02,일도1동,5367,18945550,567001
2018-02,일도2동,64735,162109500,4847074
2018-02,정방동,6008,24809550,742786
2018-02,중문동,15809,47371550,1353358
2018-02,중앙동,9977,45550200,1363391
2018-02,천지동,7851,31681900,919488
2018-02,표선면,2856,12179050,364660
2018-02,화북동,47688,105830050,3163011
2018-02,효돈동,5041,19280850,571825
2018-03,건입동,19396,46422450,1387853
2018-03,남원읍,10072,42988350,1287127
2018-03,노형동,117835,268625650,8029649
2018-03,대륜동,21567,57214850,1681467
2018-03,대정읍,11087,43941150,1315494
2018-03,대천동,19840,49992600,1489066
2018-03,도두동,5648,15804550,472743
2018-03,동홍동,46464,117711450,3467250
2018-03,봉개동,3851,10577250,316362
2018-03,삼도1동,29721,73542800,2198903
2018-03,삼도2동,17161,40787200,1203576
2018-03,삼양동,44644,102398050,3023056
2018-03,서홍동,16243,48582800,1445073
2018-03,성산읍,2756,13681050,409754
2018-03,송산동,8127,29374600,836469
2018-03,아라동,56005,126600400,3777257
2018-03,안덕면,2712,9981250,298765
2018-03,알수없음,1169,9287150,278325
2018-03,애월읍,3789,8239050,246239
2018-03,연동,90628,209706300,6263385
2018-03,영천동,6742,29111700,857329
2018-03,예래동,3176,13505550,381015
2018-03,오라동,22804,55909700,1671627
2018-03,외도동,42208,97356250,2910160
2018-03,용담1동,16047,42821400,1280647
2018-03,용담2동,30143,69454350,2076112
2018-03,이도1동,19116,51699300,1546221
2018-03,이도2동,103323,249276500,7448453
2018-03,이호동,7202,18059150,539967
2018-03,일도1동,6370,21493900,643231
2018-03,일도2동,72326,174844000,5218249
2018-03,정방동,7938,30101650,901035
2018-03,중문동,17920,51756300,1474977
2018-03,중앙동,11317,51778250,1548907
2018-03,천지동,8660,35449800,1028420
2018-03,표선면,3439,14019100,419710
2018-03,화북동,53401,114024100,3407381
2018-03,효돈동,3529,14384750,425696
2018-04,건입동,19179,42438700,1268331
2018-04,남원읍,10001,42703500,1278681
2018-04,노형동,116559,248898350,7438077
2018-04,대륜동,21424,55609050,1634928
2018-04,대정읍,11311,41431100,1240205
2018-04,대천동,18862,42731250,1270763
2018-04,도두동,5572,14904200,445722
2018-04,동홍동,42709,100217900,2955831
2018-04,봉개동,3984,10487400,313668
2018-04,삼도1동,29402,66869550,1998767
2018-04,삼도2동,16835,37846950,1115661
2018-04,삼양동,43448,92406800,2727789
2018-04,서홍동,15485,44080700,1312859
2018-04,성산읍,2713,14115500,422756
2018-04,송산동,8300,31331450,897246
2018-04,아라동,57187,120009900,3581667
2018-04,안덕면,2817,9588800,286972
2018-04,알수없음,1305,9853350,295266
2018-04,애월읍,3733,7756850,231792
2018-04,연동,90536,196002700,5852557
2018-04,영천동,6168,26815250,790207
2018-04,예래동,3362,13901900,392205
2018-04,오라동,22516,52750250,1576940
2018-04,외도동,41487,88844750,2655016
2018-04,용담1동,15785,39343900,1176382
2018-04,용담2동,29754,64687850,1933227
2018-04,이도1동,18674,46583350,1392806
2018-04,이도2동,102728,227249550,6788163
2018-04,이호동,7355,17653400,527748
2018-04,일도1동,6222,19784300,591963
2018-04,일도2동,71477,157261450,4691227
2018-04,정방동,6785,25834000,773339
2018-04,중문동,17538,47297550,1358122
2018-04,중앙동,11011,48810600,1460431
2018-04,천지동,7610,30094800,871948
2018-04,표선면,3368,12664250,379094
2018-04,화북동,52710,105834250,3161983
2018-04,효돈동,2242,8599500,253029
2018-05,건입동,21277,44893300,1341494
2018-05,남원읍,11153,42616750,1275783
2018-05,노형동,129778,259232500,7744843
2018-05,대륜동,22382,53686150,1591674
2018-05,대정읍,12810,43391800,1298609
2018-05,대천동,20853,43830200,1301723
2018-05,도두동,6253,15476250,462740
2018-05,동홍동,45795,100885000,2971507
2018-05,봉개동,4727,11513550,344226
2018-05,삼도1동,32645,68054150,2033445
2018-05,삼도2동,19169,38050900,1119702
2018-05,삼양동,48141,97071900,2863184
2018-05,서홍동,16979,44875250,1336662
2018-05,성산읍,3232,14259700,426976
2018-05,송산동,8766,32837750,945340
2018-05,아라동,62967,125428550,3743371
2018-05,안덕면,3288,10540150,315393
2018-05,알수없음,1585,10290950,308329
2018-05,애월읍,4084,7819200,233577
2018-05,연동,99607,201843450,6026218
2018-05,영천동,6037,24046000,708360
2018-05,예래동,3679,14295350,406894
2018-05,오라동,25575,55474400,1657808
2018-05,외도동,46513,94064300,2810329
2018-05,용담1동,17283,39819000,1190275
2018-05,용담2동,33144,66675300,1991981
2018-05,이도1동,20157,47787850,1428647
2018-05,이도2동,113606,234533700,7004233
2018-05,이호동,8384,18423750,550612
2018-05,일도1동,6722,19538650,584494
2018-05,일도2동,78273,159126900,4744067
2018-05,정방동,6979,26162450,783145
2018-05,중문동,19583,48752650,1396958
2018-05,중앙동,11420,45195100,1353006
2018-05,천지동,8093,30358500,887154
2018-05,표선면,3804,13883650,415543
2018-05,화북동,58072,107752200,3218151
2018-05,효돈동,3203,11165100,332352
2018-06,건입동,23311,48187900,1439810
2018-06,남원읍,11733,42287450,1265691
2018-06,노형동,138587,272193365,8131502
2018-06,대륜동,22734,52926700,1571745
2018-06,대정읍,13202,44202200,1322775
2018-06,대천동,21954,45078650,1336915
2018-06,도두동,6760,16682350,498785
2018-06,동홍동,49364,104634500,3074845
2018-06,봉개동,5177,11721950,350348
2018-06,삼도1동,35688,72919400,2178646
2018-06,삼도2동,21206,41411150,1211055
2018-06,삼양동,52339,104939850,3095825
2018-06,서홍동,17531,45915250,1366823
2018-06,성산읍,3240,14160700,423975
2018-06,송산동,8987,31772700,920718
2018-06,아라동,66807,131746050,3930825
2018-06,안덕면,3493,10782750,322623
2018-06,알수없음,1796,10533050,315540
2018-06,애월읍,4276,8349500,249441
2018-06,연동,106320,210002200,6271434
2018-06,영천동,6566,25458350,755476
2018-06,예래동,3873,14140000,401488
2018-06,오라동,28124,60373450,1804156
2018-06,외도동,50174,100357550,2998174
2018-06,용담1동,18322,40188250,1201074
2018-06,용담2동,36591,71688750,2141484
2018-06,이도1동,22372,52173500,1559628
2018-06,이도2동,122949,250202150,7471180
2018-06,이호동,9378,20108550,600861
2018-06,일도1동,7071,19577700,585555
2018-06,일도2동,86147,173428400,5172734
2018-06,정방동,7339,26452950,791746
2018-06,중문동,20601,50341800,1448469
2018-06,중앙동,11843,45387950,1358697
2018-06,천지동,8845,30984500,908094
2018-06,표선면,3327,11408250,341431
2018-06,화북동,62458,114111850,3407792
2018-06,효돈동,3889,12232450,359945
2018-07,건입동,28626,57478250,1717202
2018-07,남원읍,13599,49758400,1489365
2018-07,노형동,166509,327483750,9783283
2018-07,대륜동,26787,63629950,1845498
2018-07,대정읍,13985,50247200,1503933
2018-07,대천동,25030,53081150,1574140
2018-07,도두동,8109,19566250,585020
2018-07,동홍동,58001,125812450,3700341
2018-07,봉개동,6289,14849800,443925
2018-07,삼도1동,43475,87997000,2629071
2018-07,삼도2동,26313,51910050,1523350
2018-07,삼양동,64273,132845050,3920137
2018-07,서홍동,21064,53264700,1585899
2018-07,성산읍,3449,15918350,476677
2018-07,송산동,10858,35965550,1035940
2018-07,아라동,80137,160430750,4786506
2018-07,안덕면,4139,11881650,355422
2018-07,알수없음,2050,11860200,355306
2018-07,애월읍,5031,9775900,292052
2018-07,연동,127759,253462200,7569058
2018-07,영천동,7771,30305000,898503
2018-07,예래동,4460,16477050,474460
2018-07,오라동,34220,73072800,2183643
2018-07,외도동,61048,124292900,3713470
2018-07,용담1동,22707,48926550,1462138
2018-07,용담2동,45368,89787950,2682284
2018-07,이도1동,26933,60661400,1813043
2018-07,이도2동,150903,306877400,9163602
2018-07,이호동,11524,24586600,734701
2018-07,일도1동,8061,20983850,627514
2018-07,일도2동,105732,214415150,6393188
2018-07,정방동,8115,27829500,832917
2018-07,중문동,24565,60829200,1744491
2018-07,중앙동,13182,49115250,1470169
2018-07,천지동,9903,34939200,1023313
2018-07,표선면,3811,14408100,431268
2018-07,화북동,76276,142231050,4247799
2018-07,효돈동,4830,14879900,431982
2018-08,건입동,26842,52553750,1569931
2018-08,남원읍,13714,49571700,1483730
2018-08,노형동,159491,306231800,9147486
2018-08,대륜동,26246,60656200,1756266
2018-08,대정읍,15985,53799900,1610055
2018-08,대천동,25032,52218200,1549444
2018-08,도두동,7809,18073950,540275
2018-08,동홍동,54933,116500150,3422980
2018-08,봉개동,6120,14493600,433257
2018-08,삼도1동,41888,84322600,2519212
2018-08,삼도2동,25227,48277350,1416979
2018-08,삼양동,61645,121738500,3590695
2018-08,서홍동,21462,52265950,1555176
2018-08,성산읍,3282,16154350,483825
2018-08,송산동,10282,33924200,976345
2018-08,아라동,77120,150581150,4492184
2018-08,안덕면,4060,11208700,335248
2018-08,알수없음,2222,12184350,364943
2018-08,애월읍,4454,7980150,238340
2018-08,연동,121127,236127850,7051253
2018-08,영천동,7495,27934350,825782
2018-08,예래동,4733,16294850,471553
2018-08,오라동,32538,68955750,2060554
2018-08,외도동,57730,115475450,3449943
2018-08,용담1동,21494,46123400,1378297
2018-08,용담2동,42578,83612550,2497745
2018-08,이도1동,25327,55988250,1673335
2018-08,이도2동,143767,285745750,8532047
2018-08,이호동,10874,23119700,690891
2018-08,일도1동,7687,20246750,605490
2018-08,일도2동,100784,200952900,5993385
2018-08,정방동,7117,24580550,735655
2018-08,중문동,22807,56208150,1613352
2018-08,중앙동,12462,45654250,1366554
2018-08,천지동,9640,31539700,926396
2018-08,표선면,4018,14854050,444621
2018-08,화북동,72639,130959050,3910722
2018-08,효돈동,4851,14908750,428170
2018-09,건입동,25510,49888000,1490285
2018-09,남원읍,12365,45419400,1359493
2018-09,노형동,144302,259310550,7743748
2018-09,대륜동,23877,50863500,1471947
2018-09,대정읍,15276,50900300,1523162
2018-09,대천동,23196,45676250,1351333
2018-09,도두동,7408,16785750,501748
2018-09,동홍동,50389,100407800,2934279
2018-09,봉개동,5883,13159300,393362
2018-09,삼도1동,37621,70970500,2119627
2018-09,삼도2동,23226,42080450,1237549
2018-09,삼양동,56783,103698750,3058752
2018-09,서홍동,20800,48260450,1438560
2018-09,성산읍,2835,13481700,403769
2018-09,송산동,10698,30837000,883033
2018-09,아라동,70843,128068300,3818254
2018-09,안덕면,3623,9638350,288263
2018-09,알수없음,1550,9085850,272210
2018-09,애월읍,3689,6243150,186405
2018-09,연동,112172,206187100,6155745
2018-09,영천동,6917,25920300,767534
2018-09,예래동,4033,12324850,353914
2018-09,오라동,29839,57673000,1710925
2018-09,외도동,53099,97489600,2911436
2018-09,용담1동,20276,41854350,1250546
2018-09,용담2동,39711,72694000,2171010
2018-09,이도1동,23241,49206600,1470415
2018-09,이도2동,132393,249370800,7444153
2018-09,이호동,9990,19464750,581445
2018-09,일도1동,7476,20998100,628102
2018-09,일도2동,92223,172179500,5133574
2018-09,정방동,7593,25362200,758984
2018-09,중문동,20540,48113500,1379352
2018-09,중앙동,11454,42530750,1266022
2018-09,천지동,9228,29821150,875097
2018-09,표선면,3176,11215400,335666
2018-09,화북동,66343,112172300,3348645
2018-09,효돈동,4998,15811400,452995
2018-10,건입동,23042,45417700,1426422
2018-10,남원읍,11662,44434300,1330102
2018-10,노형동,134077,244370750,7297934
2018-10,대륜동,22438,48485050,1400208
2018-10,대정읍,13956,47706650,1427723
2018-10,대천동,21978,44132850,1310707
2018-10,도두동,6888,16677600,499828
2018-10,동홍동,46571,96178300,2815548
2018-10,봉개동,5437,12044850,360001
2018-10,삼도1동,34547,66964900,2000299
2018-10,삼도2동,21586,40283000,1183118
2018-10,삼양동,51684,95545200,2823001
2018-10,서홍동,19207,46832100,1395039
2018-10,성산읍,2800,13774800,412547
2018-10,송산동,10138,30286950,871292
2018-10,아라동,65156,121516250,3624567
2018-10,안덕면,3398,9233950,276182
2018-10,알수없음,1515,9371850,280781
2018-10,애월읍,3537,5927500,176971
2018-10,연동,103328,194120950,5795548
2018-10,영천동,6659,24895700,735610
2018-10,예래동,3876,11873900,336232
2018-10,오라동,27793,55131400,1626529
2018-10,외도동,49457,93525200,2918915
2018-10,용담1동,18475,38562750,1152202
2018-10,용담2동,35463,65808900,1965438
2018-10,이도1동,21915,47510650,1419794
2018-10,이도2동,118401,225779650,6844792
2018-10,이호동,9009,18088600,559586
2018-10,일도1동,6957,20229300,632563
2018-10,일도2동,83124,156822250,4831648
2018-10,정방동,7665,25386200,759665
2018-10,중문동,18641,42843400,1224311
2018-10,중앙동,11615,44238500,1314755
2018-10,천지동,8591,29502550,864028
2018-10,표선면,3314,11938300,357318
2018-10,화북동,59991,103716450,3096577
2018-10,효돈동,4290,14719850,425001
2018-11,건입동,20791,42954200,1283438
2018-11,남원읍,10756,45008000,1347620
2018-11,노형동,124342,246249750,7356747
2018-11,대륜동,21689,50041200,1443596
2018-11,대정읍,13481,49818000,1491190
2018-11,대천동,20457,43982200,1286078
2018-11,도두동,6403,15927400,476200
2018-11,동홍동,44355,101432950,2983866
2018-11,봉개동,5042,12438750,371898
2018-11,삼도1동,31734,66904150,1999221
2018-11,삼도2동,20066,39478300,1156520
2018-11,삼양동,48542,97723950,2885998
2018-11,서홍동,17721,45646500,1360892
2018-11,성산읍,2879,13387450,400909
2018-11,송산동,9110,28894450,830066
2018-11,아라동,61326,124576750,3715865
2018-11,안덕면,3175,9171400,274335
2018-11,알수없음,1615,9997100,299505
2018-11,애월읍,3388,6189400,184870
2018-11,연동,96205,196586350,5871094
2018-11,영천동,6393,24418450,721739
2018-11,예래동,3592,12548750,355684
2018-11,오라동,25873,55900850,1654089
2018-11,외도동,45494,94443250,2822052
2018-11,용담1동,16845,38430500,1148685
2018-11,용담2동,32192,64771150,1935074
2018-11,이도1동,20428,49084700,1467467
2018-11,이도2동,109093,228491250,6824240
2018-11,이호동,8273,18173250,543171
2018-11,일도1동,6562,20483900,612885
2018-11,일도2동,76286,158478500,4727153
2018-11,정방동,7367,25079050,750490
2018-11,중문동,16869,41720100,1195440
2018-11,중앙동,10724,43884250,1303386
2018-11,천지동,8364,30431850,890351
2018-11,표선면,3763,14475350,433346
2018-11,화북동,55212,104840400,3131381
2018-11,효돈동,3981,14706700,417444
2018-12,건입동,20161,47652200,1424551
2018-12,남원읍,11501,48961900,1465999
2018-12,노형동,123178,273200900,8165560
2018-12,대륜동,21606,54002100,1593933
2018-12,대정읍,12238,52109450,1559839
2018-12,대천동,20550,47963050,1406049
2018-12,도두동,6233,16824600,503216
2018-12,동홍동,43991,109345600,3239146
2018-12,봉개동,6800,15268450,456378
2018-12,삼도1동,30921,73518900,2197844
2018-12,삼도2동,19183,43280150,1275734
2018-12,삼양동,47484,106564050,3156067
2018-12,서홍동,17939,49404600,1462715
2018-12,성산읍,2872,15630200,468149
2018-12,송산동,8489,29534450,872902
2018-12,아라동,60275,134846400,4024785
2018-12,안덕면,3287,10940800,327428
2018-12,알수없음,1335,8593600,257487
2018-12,애월읍,3289,6749250,201654
2018-12,연동,92782,211932650,6332751
2018-12,영천동,6046,25220700,754521
2018-12,예래동,3580,13406250,383591
2018-12,오라동,25950,61793000,1841881
2018-12,외도동,45089,101745450,3041154
2018-12,용담1동,16158,41677600,1246344
2018-12,용담2동,31274,70913350,2119670
2018-12,이도1동,19221,49224550,1471911
2018-12,이도2동,107167,251434850,7512001
2018-12,이호동,7857,19062100,569889
2018-12,일도1동,6294,21310550,637754
2018-12,일도2동,74600,175021800,5223780
2018-12,정방동,7479,28103850,841282
2018-12,중문동,15818,42034050,1209837
2018-12,중앙동,10472,46756350,1393606
2018-12,천지동,8342,33451950,998262
2018-12,표선면,3308,14665050,439157
2018-12,화북동,54869,116152300,3470923
2018-12,효돈동,3907,14628550,417985
2019-01,건입동,19741,46571200,1392203
2019-01,남원읍,10629,45272000,1355508
2019-01,노형동,116979,260492900,7785696
2019-01,대륜동,20265,52272200,1545297
2019-01,대정읍,15727,59920500,1792834
2019-01,대천동,18865,45113300,1319285
2019-01,도두동,5913,15314350,457942
2019-01,동홍동,32267,83674100,2476151
2019-01,봉개동,7395,15822450,472839
2019-01,삼도1동,30087,70912250,2119792
2019-01,삼도2동,18552,40432400,1192998
2019-01,삼양동,46268,102886400,3049165
2019-01,서홍동,14060,40390200,1205227
2019-01,성산읍,6076,40014154,1170175
2019-01,송산동,7485,28136200,840480
2019-01,아라동,58479,131907350,3935919
2019-01,안덕면,5037,19138700,572942
2019-01,알수없음,1077,5044050,151046
2019-01,애월읍,3129,6324700,188969
2019-01,연동,90183,203753650,6087433
2019-01,영천동,4185,17198200,514894
2019-01,예래동,3609,13382150,380619
2019-01,오라동,25403,60950700,1796627
2019-01,외도동,43374,97317450,2908693
2019-01,용담1동,15773,39537950,1182193
2019-01,용담2동,30372,68830800,2057320
2019-01,이도1동,19188,49807950,1489412
2019-01,이도2동,104329,244881100,7316055
2019-01,이호동,7845,19278750,576441
2019-01,일도1동,6072,21091100,631205
2019-01,일도2동,71783,167320100,4994111
2019-01,정방동,4886,18802750,562881
2019-01,중문동,16140,43175000,1245850
2019-01,중앙동,9438,42683800,1265316
2019-01,천지동,5949,23783950,712032
2019-01,표선면,4100,20991050,628725
2019-01,화북동,52878,110709600,3308094
2019-01,효돈동,3237,12324350,356997
2019-02,건입동,18910,46934900,1403269
2019-02,남원읍,7080,27809150,832508
2019-02,노형동,111835,251290500,7510492
2019-02,대륜동,17234,41752800,1231580
2019-02,대정읍,17555,64507450,1929205
2019-02,대천동,14844,36020500,1047644
2019-02,도두동,5621,14416750,431093
2019-02,동홍동,21240,57549400,1704825
2019-02,봉개동,7161,15840150,473422
2019-02,삼도1동,28980,69023300,2063488
2019-02,삼도2동,18214,40530650,1194221
2019-02,삼양동,44277,100438200,2976771
2019-02,서홍동,8893,23934350,715333
2019-02,성산읍,6575,46043704,1348963
2019-02,송산동,4740,16820600,503434
2019-02,아라동,54591,125788600,3755337
2019-02,안덕면,5365,21553400,645298
2019-02,애월읍,2811,5733100,171296
2019-02,연동,83752,191881450,5733305
2019-02,영천동,6211,26749050,800923
2019-02,예래동,3271,12034200,343467
2019-02,오라동,24220,58486400,1724327
2019-02,외도동,40796,93201100,2785911
2019-02,용담1동,15265,38227350,1143049
2019-02,용담2동,29522,66050350,1974199
2019-02,이도1동,17586,43017550,1286104
2019-02,이도2동,97306,231621700,6920097
2019-02,이호동,7603,18806000,562297
2019-02,일도1동,5639,19539750,584788
2019-02,일도2동,69010,164367100,4905669
2019-02,정방동,3450,12873000,385341
2019-02,중문동,13280,36592800,1054462
2019-02,중앙동,6639,30231600,897981
2019-02,천지동,3436,12016050,359641
2019-02,표선면,2853,14571100,436437
2019-02,화북동,50778,108215250,3233761
2019-02,효돈동,3154,11880900,341941
2019-03,건입동,18966,43272850,1293420
2019-03,남원읍,4749,17810750,533149
2019-03,노형동,115276,249789350,7451348
2019-03,대륜동,15630,35447200,1043436
2019-03,대정읍,20864,74448950,2226436
2019-03,대천동,12703,29641700,860628
2019-03,도두동,5700,15020400,449211
2019-03,동홍동,11966,34358750,1021825
2019-03,봉개동,7373,15534700,464209
2019-03,삼도1동,29038,67585050,2020367
2019-03,삼도2동,19154,40510300,1188041
2019-03,삼양동,45290,98265650,2912984
2019-03,서홍동,5778,14023750,418894
2019-03,성산읍,7209,50507700,1510722
2019-03,송산동,2787,9738800,291469
2019-03,아라동,57211,125495000,3744438
2019-03,안덕면,6168,24666050,738470
2019-03,애월읍,3015,6057700,180998
2019-03,연동,86765,192251450,5744477
2019-03,영천동,6512,27313750,817749
2019-03,예래동,2853,10722200,304677
2019-03,오라동,25569,59515150,1755760
2019-03,외도동,42783,93075950,2781648
2019-03,용담1동,15436,37816350,1130617
2019-03,용담2동,29796,65200500,1948563
2019-03,이도1동,18373,45641600,1364694
2019-03,이도2동,100060,227260600,6789207
2019-03,이호동,7900,18573500,555274
2019-03,일도1동,6006,20226750,605293
2019-03,일도2동,69530,158011550,4713792
2019-03,정방동,1988,7155900,214178
2019-03,중문동,10960,30153700,860238
2019-03,중앙동,4201,21994900,658844
2019-03,천지동,2107,8607950,257709
2019-03,표선면,3510,18216400,545623
2019-03,화북동,52028,105681200,3157552
2019-03,효돈동,3297,11991150,345706
2019-04,건입동,18991,41103100,1228391
2019-04,남원읍,4902,16786800,502368
2019-04,노형동,115179,237397550,7080703
2019-04,대륜동,14778,31985850,940809
2019-04,대정읍,22208,76326749,2282592
2019-04,대천동,12674,28034650,821240
2019-04,도두동,5888,15270900,456657
2019-04,동홍동,11882,32622800,968296
2019-04,봉개동,7343,15217800,454669
2019-04,삼도1동,28392,62998400,1882865
2019-04,삼도2동,18667,38799550,1129875
2019-04,삼양동,44832,91513250,2716347
2019-04,서홍동,5789,13657550,403291
2019-04,성산읍,8041,55663526,1637284
2019-04,송산동,3002,11162250,334133
2019-04,아라동,56440,116138550,3463430
2019-04,안덕면,6535,24347150,728826
2019-04,애월읍,2997,5753700,171879
2019-04,연동,87345,184190350,5502015
2019-04,영천동,5291,22056850,660382
2019-04,예래동,2725,9982300,289245
2019-04,오라동,25365,55311750,1633054
2019-04,외도동,42723,87075650,2601705
2019-04,용담1동,15302,35929200,1074104
2019-04,용담2동,29760,63115600,1885997
2019-04,이도1동,18272,42816050,1279930
2019-04,이도2동,98775,211813200,6326026
2019-04,이호동,8221,18478550,552285
2019-04,일도1동,6067,20257050,606201
2019-04,일도2동,69104,146303100,4365368
2019-04,정방동,1970,6699850,200520
2019-04,중문동,10898,28945500,825193
2019-04,중앙동,3892,19401000,581091
2019-04,천지동,1846,6741500,201790
2019-04,표선면,4157,20965700,627930
2019-04,화북동,51843,98866950,2953172
2019-04,효돈동,3609,12001650,346940
2019-05,건입동,21797,45366000,1355574
2019-05,남원읍,12716,45550300,1363350
2019-05,노형동,127025,249305400,7332524
2019-05,대륜동,19665,44419200,1311684
2019-05,대정읍,28406,89408798,2673269
2019-05,대천동,20250,41796850,1233263
2019-05,도두동,6704,16476700,492655
2019-05,동홍동,35644,81200750,2400433
2019-05,봉개동,8453,16219600,484484
2019-05,삼도1동,32062,65460900,1955847
2019-05,삼도2동,19882,39018000,1131398
2019-05,삼양동,51980,101518950,3032639
2019-05,서홍동,15830,38787050,1146927
2019-05,성산읍,9552,58067944,1736152
2019-05,송산동,7345,28696250,854695
2019-05,아라동,64629,128605265,3813658
2019-05,안덕면,7749,27228750,814968
2019-05,애월읍,4231,7364450,163291
2019-05,연동,99507,197044200,5708857
2019-05,영천동,7775,32714050,979514
2019-05,예래동,3166,11338149,331056
2019-05,오라동,28760,59584800,1755197
2019-05,외도동,47726,92812950,2767585
2019-05,용담1동,16825,35526250,1061559
2019-05,용담2동,34096,67551750,2018016
2019-05,이도1동,20653,46101700,1377950
2019-05,이도2동,111376,224717200,6710670
2019-05,이호동,9280,20127650,601533
2019-05,일도1동,6725,20543450,614620
2019-05,일도2동,78561,156256950,4668204
2019-05,정방동,5802,19278900,576919
2019-05,중문동,16710,41810299,1204651
2019-05,중앙동,8712,35140600,1044702
2019-05,천지동,6693,23980550,717764
2019-05,표선면,5625,28076437,819588
2019-05,화북동,60377,109625250,3273807
2019-05,효돈동,4272,14026200,402079
2019-06,건입동,23387,47155800,1408848
2019-06,남원읍,16410,58575550,1752986
2019-06,노형동,133924,258025550,7707839
2019-06,대륜동,21529,45993650,1357397
2019-06,대정읍,29856,94718850,2832294
2019-06,대천동,22971,46918200,1392702
2019-06,도두동,7195,16892650,504994
2019-06,동홍동,47193,103689750,3083745
2019-06,봉개동,8928,16879500,504178
2019-06,삼도1동,34226,68266500,2039509
2019-06,삼도2동,22246,43205150,1248712
2019-06,삼양동,56050,109558700,3272743
2019-06,서홍동,18250,44145400,1311219
2019-06,성산읍,9939,57757046,1730511
2019-06,송산동,8774,32139400,955167
2019-06,아라동,66456,129864113,3873117
2019-06,안덕면,8549,29946400,896334
2019-06,애월읍,4795,8786950,262429
2019-06,연동,104813,204564100,6108931
2019-06,영천동,7482,33003050,988202
2019-06,예래동,5659,18830347,563557
2019-06,오라동,30830,62850300,1854638
2019-06,외도동,50593,97149950,2901907
2019-06,용담1동,18183,37244900,1112836
2019-06,용담2동,36485,69787550,2084589
2019-06,이도1동,22154,47468200,1418543
2019-06,이도2동,120091,234713850,7007927
2019-06,이호동,10131,21368200,638538
2019-06,일도1동,6946,20742350,620555
2019-06,일도2동,84680,161594150,4826798
2019-06,정방동,7263,25376350,759474
2019-06,중문동,26735,72610590,2114013
2019-06,중앙동,9129,32611450,963536
2019-06,천지동,8803,31186600,933393
2019-06,표선면,6005,28636832,841699
2019-06,화북동,66830,116664200,3483234
2019-06,효돈동,1607,4684100,139256
2019-07,건입동,26082,54400500,1625503
2019-07,남원읍,18048,64063450,1916105
2019-07,노형동,151462,295221200,8819321
2019-07,대륜동,27006,61582250,1823602
2019-07,대정읍,29752,99189650,2966150
2019-07,대천동,29065,62889962,1874913
2019-07,도두동,8407,20124150,601668
2019-07,동홍동,59933,135774149,4042666
2019-07,봉개동,10208,20094100,600276
2019-07,삼도1동,39467,81298700,2429112
2019-07,삼도2동,25165,48782500,1414445
2019-07,삼양동,63531,127378250,3805579
2019-07,서홍동,21594,52257450,1561777
2019-07,성산읍,10931,62051614,1857266
2019-07,송산동,10514,34753550,1030516
2019-07,아라동,73778,146464000,4366542
2019-07,안덕면,10481,35578550,1064767
2019-07,애월읍,5287,9908000,295935
2019-07,연동,117094,230929350,6897382
2019-07,영천동,6745,31923300,955965
2019-07,예래동,5660,19188095,574269
2019-07,오라동,35209,73058550,2157827
2019-07,외도동,56477,112283300,3354354
2019-07,용담1동,20411,41799350,1248838
2019-07,용담2동,41712,80724950,2411361
2019-07,이도1동,25037,53054350,1585331
2019-07,이도2동,136950,273172800,8156392
2019-07,이호동,11623,25321400,756730
2019-07,일도1동,7801,21474250,642259
2019-07,일도2동,95426,186412550,5568619
2019-07,정방동,8598,30868450,923935
2019-07,중문동,28340,74250181,2168097
2019-07,중앙동,14032,58491700,1736396
2019-07,천지동,11983,40244150,1204332
2019-07,표선면,6921,31228127,905240
2019-07,화북동,74129,134815950,4025948
2019-07,효돈동,1107,3888150,116382
2019-08,건입동,26561,50759250,1516091
2019-08,남원읍,19078,66347550,1983554
2019-08,노형동,152487,285216650,8518837
2019-08,대륜동,27051,60755300,1798886
2019-08,대정읍,36484,105859200,3163967
2019-08,대천동,29686,62450130,1859211
2019-08,도두동,8766,20959850,626580
2019-08,동홍동,61215,134502400,4007463
2019-08,봉개동,9645,17698900,528605
2019-08,삼도1동,39762,79567550,2377200
2019-08,삼도2동,24765,46484250,1357175
2019-08,삼양동,63800,118668400,3544190
2019-08,서홍동,22292,52004550,1543127
2019-08,성산읍,11207,63509160,1898064
2019-08,송산동,10184,33028800,978392
2019-08,아라동,73928,141699350,4223233
2019-08,안덕면,12171,42604400,1275129
2019-08,애월읍,5390,9669800,288777
2019-08,연동,118698,228375261,6818997
2019-08,영천동,5479,26368400,789671
2019-08,예래동,5903,20235490,605590
2019-08,오라동,35696,70181500,2071006
2019-08,외도동,57207,107713250,3217145
2019-08,용담1동,21097,42579500,1272182
2019-08,용담2동,41736,78100000,2332584
2019-08,이도1동,24913,51229450,1530698
2019-08,이도2동,134060,259693200,7752570
2019-08,이호동,11645,24983650,746617
2019-08,일도1동,7466,20834500,623113
2019-08,일도2동,94476,175443050,5239807
2019-08,정방동,8613,29941650,896039
2019-08,중문동,28978,77137792,2240299
2019-08,중앙동,14570,60424950,1789290
2019-08,천지동,12011,39771150,1190117
2019-08,표선면,6502,30137218,890482
2019-08,화북동,75355,130354050,3891885
2019-08,효돈동,1207,4501400,134745
2019-09,건입동,24806,47534600,1419870
2019-09,남원읍,17315,57377000,1715490
2019-09,노형동,139536,253510600,7570769
2019-09,대륜동,24430,52395650,1549657
2019-09,대정읍,22135,51079250,1524478
2019-09,대천동,27059,55161400,1643849
2019-09,도두동,7896,18552500,554606
2019-09,동홍동,58112,125995299,3756475
2019-09,봉개동,9301,16732150,499657
2019-09,삼도1동,37519,72046850,2152076
2019-09,삼도2동,21979,40115250,1184629
2019-09,삼양동,58756,108093245,3213099
2019-09,서홍동,20694,46899350,1384363
2019-09,성산읍,8344,49593693,1472978
2019-09,송산동,9460,27761100,820609
2019-09,아라동,68472,125690350,3747065
2019-09,안덕면,6661,22078850,660723
2019-09,알수없음,320,482950,14410
2019-09,애월읍,4749,8122000,242512
2019-09,연동,108349,202175700,6036109
2019-09,영천동,3784,16944600,507387
2019-09,예래동,5123,16327346,488551
2019-09,오라동,35307,66121150,1948733
2019-09,외도동,52843,96168350,2871861
2019-09,용담1동,19488,38817250,1159663
2019-09,용담2동,37849,69717350,2082069
2019-09,이도1동,23084,47155800,1408877
2019-09,이도2동,123165,229571300,6852361
2019-09,이호동,10648,22081450,659759
2019-09,일도1동,6892,18767250,561271
2019-09,일도2동,88184,159734600,4770119
2019-09,정방동,8079,26725050,799786
2019-09,중문동,26520,66762079,1956612
2019-09,중앙동,13635,57634900,1708760
2019-09,천지동,11572,38101350,1140119
2019-09,표선면,5349,24986098,726409
2019-09,화북동,68654,117706750,3514191
2019-09,효돈동,1155,3830650,114632
2019-10,건입동,22040,40734600,1216507
2019-10,남원읍,16754,57174300,1710048
2019-10,노형동,129982,223797811,6681364
2019-10,대륜동,23606,49536650,1466479
2019-10,대정읍,29849,77633150,2318561
2019-10,대천동,26275,51590000,1538099
2019-10,도두동,7376,18124000,541885
2019-10,동홍동,54550,114124900,3396919
2019-10,봉개동,8754,14864800,443781
2019-10,삼도1동,33462,60155000,1796298
2019-10,삼도2동,19399,34224250,1015174
2019-10,삼양동,53732,92665885,2751084
2019-10,서홍동,19001,42088700,1242240
2019-10,성산읍,8527,51296900,1530550
2019-10,송산동,8847,25903350,768732
2019-10,아라동,64201,111021800,3305345
2019-10,안덕면,8470,28175450,843214
2019-10,알수없음,424,550350,16407
2019-10,애월읍,4479,7338950,219056
2019-10,연동,102100,182421200,5445097
2019-10,영천동,3702,16214500,485536
2019-10,예래동,4794,15295791,457710
2019-10,오라동,31604,56696450,1674216
2019-10,외도동,49311,85114050,2541051
2019-10,용담1동,17876,35074400,1047782
2019-10,용담2동,34583,63211900,1887755
2019-10,이도1동,21091,44486050,1329397
2019-10,이도2동,113367,202196250,6034006
2019-10,이호동,9695,19865800,593574
2019-10,일도1동,6787,19784150,591813
2019-10,일도2동,80858,138858500,4145518
2019-10,정방동,7776,26476800,792364
2019-10,중문동,25393,63536085,1864706
2019-10,중앙동,13141,53181250,1575818
2019-10,천지동,11085,36603200,1095323
2019-10,표선면,5447,25509020,760932
2019-10,화북동,62491,101150900,3018939
2019-10,효돈동,1115,3985050,119272
2019-11,건입동,20387,40990100,1224609
2019-11,구좌읍,593,2720350,81464
2019-11,남원읍,15041,55376450,1656190
2019-11,노형동,121182,230736200,6892263
2019-11,대륜동,22345,50189350,1484372
2019-11,대정읍,33506,99774700,2981811
2019-11,대천동,24704,53151631,1584999
2019-11,도두동,6909,18902350,565329
2019-11,동홍동,50938,116633800,3471068
2019-11,봉개동,8296,15031050,448860
2019-11,삼도1동,30136,58742500,1754747
2019-11,삼도2동,18375,35060900,1033139
2019-11,삼양동,50101,93866750,2788372
2019-11,서홍동,17979,43400700,1283492
2019-11,성산읍,7814,47126600,1405686
2019-11,송산동,7997,23879300,708524
2019-11,아라동,59590,113050500,3370877
2019-11,안덕면,9059,32506550,972986
2019-11,알수없음,439,621300,18531
2019-11,애월읍,6869,15380950,459809
2019-11,연동,94404,183488850,5479842
2019-11,영천동,3583,17172150,514277
2019-11,예래동,4293,14201095,424996
2019-11,오라동,27070,55212450,1641064
2019-11,외도동,45676,86091200,2571381
2019-11,용담1동,16803,35593650,1063698
2019-11,용담2동,31786,63714550,1903462
2019-11,이도1동,20385,47579550,1422304
2019-11,이도2동,105018,206554050,6166818
2019-11,이호동,8809,20064600,599737
2019-11,일도1동,6550,19832500,593334
2019-11,일도2동,76358,145292200,4339782
2019-11,정방동,7162,25792200,771992
2019-11,조천읍,1024,3136800,93841
2019-11,중문동,23433,63947036,1880079
2019-11,중앙동,12922,54153800,1605622
2019-11,천지동,10840,38178700,1142666
2019-11,표선면,4955,26473950,793010
2019-11,한경면,238,877750,26283
2019-11,한림읍,620,2279550,68273
2019-11,화북동,59138,104822800,3129891
2019-11,효돈동,1078,3928600,117585
2019-12,건입동,19300,43076900,1287491
2019-12,구좌읍,2942,11540750,345481
2019-12,남원읍,14964,60409100,1806276
2019-12,노형동,117990,247186350,7386443
2019-12,대륜동,21921,55227750,1633171
2019-12,대정읍,30188,102687000,3070106
2019-12,대천동,23135,53564700,1597133
2019-12,도두동,6527,17385050,519908
2019-12,동홍동,49347,123632700,3681748
2019-12,봉개동,7950,15966250,477011
2019-12,삼도1동,28876,64189500,1918519
2019-12,삼도2동,17166,35540150,1048907
2019-12,삼양동,49182,102451450,3043774
2019-12,서홍동,17069,44950900,1334698
2019-12,성산읍,8005,47381500,1412121
2019-12,송산동,7295,24298850,720326
2019-12,아라동,58317,120968950,3606766
2019-12,안덕면,8997,35027700,1048622
2019-12,알수없음,460,828350,24741
2019-12,애월읍,13387,40070100,1198886
2019-12,연동,91744,199559550,5961710
2019-12,영천동,3357,17544750,525532
2019-12,예래동,3980,15437297,462149
2019-12,오라동,26760,59647100,1782693
2019-12,외도동,44655,92350950,2759384
2019-12,용담1동,16518,38401950,1147933
2019-12,용담2동,29930,65067300,1944552
2019-12,이도1동,19349,49508100,1480430
2019-12,이도2동,101481,222595500,6648882
2019-12,이호동,8373,20094800,600749
2019-12,일도1동,6293,20720650,620027
2019-12,일도2동,73379,158402800,4733854
2019-12,정방동,5959,24014250,718945
2019-12,조천읍,5650,19805800,592629
2019-12,중문동,22029,65819186,1936920
2019-12,중앙동,13023,59806750,1775734
2019-12,천지동,10425,40600150,1215363
2019-12,표선면,4708,25286650,757445
2019-12,한경면,1189,3832350,114706
2019-12,한림읍,8178,31493650,942906
2019-12,화북동,57709,113107650,3378836
2019-12,효돈동,1019,4291900,128487
2020-01,건입동,20359,45356150,1355578
2020-01,구좌읍,5800,21059800,630380
2020-01,남원읍,15805,68767000,2056671
2020-01,노형동,108198,234382600,7004780
2020-01,대륜동,21953,57458199,1698951
2020-01,대정읍,30696,104173150,3113333
2020-01,대천동,23785,58420100,1742931
2020-01,도두동,6581,18797900,562288
2020-01,동홍동,49731,132288450,3939798
2020-01,봉개동,8060,16561850,494851
2020-01,삼도1동,29949,70070100,2094580
2020-01,삼도2동,15603,33954800,1001306
2020-01,삼양동,49621,108895450,3234919
2020-01,서홍동,15526,43321100,1295737
2020-01,성산읍,9759,53259250,1585672
2020-01,송산동,7237,25218900,744928
2020-01,아라동,50934,110772750,3303545
2020-01,안덕면,9399,37625800,1126491
2020-01,알수없음,388,645900,19279
2020-01,애월읍,18289,58435300,1748666
2020-01,연동,77081,173357100,5179415
2020-01,영천동,3344,17786350,532747
2020-01,예래동,4167,17346942,519386
2020-01,오라동,26824,62218300,1859830
2020-01,외도동,41858,92336746,2759670
2020-01,용담1동,16978,39746300,1188153
2020-01,용담2동,30237,67781500,2025895
2020-01,이도1동,19049,51342000,1535470
2020-01,이도2동,99481,229944100,6869890
2020-01,이호동,8681,23302900,696904
2020-01,일도1동,6356,22040850,659634
2020-01,일도2동,75178,168618250,5039814
2020-01,정방동,5893,24773550,741728
2020-01,조천읍,10538,33574800,1003044
2020-01,중문동,22288,69866086,2063872
2020-01,중앙동,12394,58053400,1723085
2020-01,천지동,10239,41595800,1245347
2020-01,표선면,4422,24304300,728048
2020-01,한경면,2855,11322700,338989
2020-01,한림읍,13042,49632850,1485891
2020-01,화북동,58976,119860500,3581188
2020-01,효돈동,824,3431850,102741
2020-02,건입동,18554,40314100,1204862
2020-02,구좌읍,6097,19992650,598248
2020-02,남원읍,14605,61501550,1838582
2020-02,노형동,112953,241766400,7225016
2020-02,대륜동,21164,53111950,1569011
2020-02,대정읍,31001,97979349,2928064
2020-02,대천동,22735,53765750,1603740
2020-02,도두동,6079,16045750,479894
2020-02,동홍동,46334,122315350,3643758
2020-02,봉개동,7796,15622400,466748
2020-02,삼도1동,27917,61990800,1852694
2020-02,삼도2동,14806,31296400,923964
2020-02,삼양동,47844,103103700,3062420
2020-02,서홍동,14629,40153050,1200977
2020-02,성산읍,8833,43668750,1301112
2020-02,송산동,6633,22466700,664009
2020-02,아라동,55782,117567400,3502877
2020-02,안덕면,8489,34189050,1023587
2020-02,알수없음,187,337600,10075
2020-02,애월읍,19199,58395800,1747240
2020-02,연동,86995,184990350,5525399
2020-02,영천동,3071,14006350,419440
2020-02,예래동,3699,13627046,407904
2020-02,오라동,25411,57683650,1724132
2020-02,외도동,43481,94108700,2812395
2020-02,용담1동,15367,35311750,1055498
2020-02,용담2동,28910,61018600,1823355
2020-02,이도1동,17733,45066950,1347590
2020-02,이도2동,98520,221645750,6620851
2020-02,이호동,8372,21174500,633123
2020-02,일도1동,5638,16871700,504740
2020-02,일도2동,70367,153378350,4583854
2020-02,정방동,5570,21198250,634594
2020-02,조천읍,11046,33456300,999864
2020-02,중문동,20652,61061781,1802421
2020-02,중앙동,11448,50037600,1481874
2020-02,천지동,9974,38546400,1153935
2020-02,표선면,4703,22631468,674260
2020-02,한경면,3101,11589200,346952
2020-02,한림읍,12264,46197050,1382985
2020-02,화북동,57567,114810400,3429921
2020-02,효돈동,968,3685450,110325
2020-03,건입동,19812,40335450,1205108
2020-03,구좌읍,7258,22170750,663286
2020-03,남원읍,16239,62658150,1871340
2020-03,노형동,125089,255138700,7623245
2020-03,대륜동,23648,56525400,1671571
2020-03,대정읍,32870,103538750,3093839
2020-03,대천동,25061,57795350,1723274
2020-03,도두동,6373,16070150,480556
2020-03,동홍동,49689,122303100,3642445
2020-03,봉개동,8563,15780450,471281
2020-03,삼도1동,29934,63840650,1907768
2020-03,삼도2동,15696,31831100,937548
2020-03,삼양동,53093,109838850,3263260
2020-03,서홍동,16255,42033800,1256945
2020-03,성산읍,9955,46373628,1333478
2020-03,송산동,7579,24734100,732471
2020-03,아라동,63040,125026900,3726467
2020-03,안덕면,9668,36068850,1079715
2020-03,애월읍,23171,66494950,1989196
2020-03,연동,96062,193495350,5778052
2020-03,영천동,3509,14617800,437644
2020-03,예래동,4111,14309895,428298
2020-03,오라동,27508,59354850,1773744
2020-03,외도동,48054,98399600,2940074
2020-03,용담1동,16189,35536300,1062031
2020-03,용담2동,31151,61010900,1822597
2020-03,이도1동,20235,48128850,1438830
2020-03,이도2동,108624,231274250,6906917
2020-03,이호동,9196,21279150,636080
2020-03,일도1동,5899,17045250,509873
2020-03,일도2동,76929,159747800,4773211
2020-03,정방동,6123,21544300,644791
2020-03,조천읍,14303,41512450,1241600
2020-03,중문동,23026,63941232,1885660
2020-03,중앙동,12066,51396000,1521022
2020-03,천지동,10464,38935750,1165470
2020-03,표선면,5875,24271100,726692
2020-03,한경면,3932,14581450,436546
2020-03,한림읍,14316,52561750,1573349
2020-03,화북동,62259,119211150,3560755
2020-03,효돈동,999,3641900,109007
2020-04,건입동,18703,36668950,1095412
2020-04,구좌읍,7488,21849950,653628
2020-04,남원읍,15672,59824450,1786816
2020-04,노형동,116837,226073450,6753460
2020-04,대륜동,22566,51090800,1505634
2020-04,대정읍,31888,95039599,2839668
2020-04,대천동,23923,51288700,1528880
2020-04,도두동,5890,14195400,424392
2020-04,동홍동,46209,107296750,3195453
2020-04,봉개동,8157,14598650,435924
2020-04,삼도1동,28097,56606000,1691147
2020-04,삼도2동,15209,29979550,883959
2020-04,삼양동,48902,95539210,2838289
2020-04,서홍동,15418,37353700,1116770
2020-04,성산읍,9863,42885800,1276845
2020-04,송산동,7604,27067150,802912
2020-04,아라동,58275,111515050,3323313
2020-04,안덕면,9656,35376349,1058947
2020-04,애월읍,23199,66115500,1977823
2020-04,연동,89161,173115250,5169094
2020-04,영천동,3340,13762750,412072
2020-04,예래동,4097,13601944,407023
2020-04,오라동,25770,53100000,1586646
2020-04,외도동,45059,89160650,2663518
2020-04,용담1동,15099,31146900,930685
2020-04,용담2동,29818,57175200,1707810
2020-04,이도1동,18783,43521000,1300983
2020-04,이도2동,101094,204602850,6109457
2020-04,이호동,8327,18466400,551919
2020-04,일도1동,5680,16343050,488898
2020-04,일도2동,71736,139834000,4177087
2020-04,정방동,5846,19841800,593800
2020-04,조천읍,14120,38425250,1149271
2020-04,중문동,22017,59149528,1750149
2020-04,중앙동,11299,47551400,1409186
2020-04,천지동,10139,35160350,1052297
2020-04,표선면,6189,24914300,745909
2020-04,한경면,4181,14346100,429403
2020-04,한림읍,14513,52242650,1563718
2020-04,화북동,58277,105266900,3143589
2020-04,효돈동,968,3389450,101449
2020-05,건입동,21611,40943550,1222972
2020-05,구좌읍,9516,27501450,822671
2020-05,남원읍,17574,63544800,1898050
2020-05,노형동,132995,249341150,7447431
2020-05,대륜동,24730,57743441,2566208
2020-05,대정읍,37916,110405348,3299551
2020-05,대천동,26363,55578850,1656863
2020-05,도두동,6872,16621200,496904
2020-05,동홍동,52324,120417978,4004644
2020-05,봉개동,9086,15886600,474318
2020-05,삼도1동,32271,62806100,1876093
2020-05,삼도2동,18126,35372900,1039187
2020-05,삼양동,55436,104476200,3099654
2020-05,서홍동,16819,39287850,1174439
2020-05,성산읍,11917,52756684,1562003
2020-05,송산동,8454,30771900,911381
2020-05,아라동,66911,125904100,3751985
2020-05,안덕면,11779,41537000,1243221
2020-05,애월읍,29041,80917650,2420785
2020-05,연동,102397,193430500,5774664
2020-05,영천동,3892,16905200,506191
2020-05,예래동,5065,16806245,502957
2020-05,오라동,29580,59632400,1781578
2020-05,외도동,50993,98045200,2928697
2020-05,용담1동,17593,34807400,1039841
2020-05,용담2동,34583,62409650,1863725
2020-05,이도1동,21339,48859650,1460524
2020-05,이도2동,117204,228796850,6830373
2020-05,이호동,9975,21388150,639153
2020-05,일도1동,6393,18849200,563905
2020-05,일도2동,82689,153382400,4580837
2020-05,정방동,6134,20607000,616651
2020-05,조천읍,17139,47353700,1416464
2020-05,중문동,25448,65612387,1942950
2020-05,중앙동,12371,49194500,1457515
2020-05,천지동,11394,39646300,1186545
2020-05,표선면,7464,30647673,1331138
2020-05,한경면,5304,18264400,546681
2020-05,한림읍,17614,61167800,1830830
2020-05,화북동,67119,117300450,3502309
2020-05,효돈동,1037,3591550,107497
2020-06,건입동,20591,40283450,1203386
2020-06,구좌읍,9180,25651800,767268
2020-06,남원읍,18020,63109150,1884639
2020-06,노형동,122308,226997876,6731271
2020-06,대륜동,23663,53387563,2029213
2020-06,대정읍,36214,103177347,3082455
2020-06,대천동,25899,54499299,1625207
2020-06,도두동,6829,16569750,495387
2020-06,동홍동,53363,121853705,3999253
2020-06,봉개동,8841,16575149,495062
2020-06,삼도1동,29910,58721055,1748512
2020-06,삼도2동,18461,37503450,1104854
2020-06,삼양동,47912,89653250,2656546
2020-06,서홍동,17108,39029650,1166578
2020-06,성산읍,11813,58983672,1650031
2020-06,송산동,8869,31989550,948505
2020-06,아라동,60043,112703700,3357659
2020-06,안덕면,11814,42982400,1286533
2020-06,알수없음,574,836200,24954
2020-06,애월읍,30249,78356550,2343428
2020-06,연동,93671,174126550,5198046
2020-06,영천동,4041,17383200,520481
2020-06,예래동,5206,18336343,548782
2020-06,오라동,29489,58819899,1757194
2020-06,외도동,46765,88248849,2635421
2020-06,용담1동,16649,33887649,1012434
2020-06,용담2동,32160,58453350,1745581
2020-06,이도1동,20107,43676550,1305313
2020-06,이도2동,111012,222943362,7512848
2020-06,이호동,8996,18843700,563072
2020-06,일도1동,6109,18194950,544319
2020-06,일도2동,77662,143034450,4271612
2020-06,정방동,5293,17835950,533815
2020-06,조천읍,20172,51258650,1532897
2020-06,중문동,26003,63883576,1890148
2020-06,중앙동,11374,43100800,1279816
2020-06,천지동,11091,37713450,1128654
2020-06,표선면,7988,40698877,4194745
2020-06,한경면,5109,17065400,510736
2020-06,한림읍,17365,55895800,1672689
2020-06,화북동,64976,116089950,3462718
2020-06,효돈동,1085,3550000,106235
2020-07,건입동,25261,46323350,1383433
2020-07,구좌읍,13077,37079550,1109175
2020-07,남원읍,19042,67019150,2002478
2020-07,노형동,154741,278924650,8329441
2020-07,대륜동,21926,49049300,1463149
2020-07,대정읍,34439,99259041,2965260
2020-07,대천동,27126,56585581,1686982
2020-07,도두동,8482,20972600,627027
2020-07,동홍동,53571,114230800,3400625
2020-07,봉개동,10706,18891000,564058
2020-07,삼도1동,36516,68090950,2033600
2020-07,삼도2동,20887,39410400,1158621
2020-07,삼양동,60173,110306150,3266366
2020-07,서홍동,18648,40746100,1217582
2020-07,성산읍,11872,59437456,1674716
2020-07,송산동,9878,32658300,967041
2020-07,아라동,74456,139674450,4159469
2020-07,안덕면,12480,43152748,1291487
2020-07,알수없음,197,1372799,41130
2020-07,애월읍,40444,104291450,3118966
2020-07,연동,118315,217649050,6497094
2020-07,영천동,6425,25272450,756605
2020-07,예래동,5863,20849041,624029
2020-07,오라동,35077,67532450,2017313
2020-07,외도동,59199,111732950,3337129
2020-07,용담1동,19977,36729700,1096982
2020-07,용담2동,40900,71460000,2133653
2020-07,이도1동,23732,49991500,1493793
2020-07,이도2동,134969,255052550,7613360
2020-07,이호동,11940,24443100,730371
2020-07,일도1동,6972,19485950,582836
2020-07,일도2동,97295,172874500,5161982
2020-07,정방동,4078,13353050,399586
2020-07,조천읍,27477,69350400,2073947
2020-07,중문동,26855,63118639,1869761
2020-07,중앙동,10211,40851800,1223045
2020-07,천지동,4459,12355100,369551
2020-07,표선면,8335,49662971,7430120
2020-07,한경면,6792,22484050,672876
2020-07,한림읍,23417,74343450,2224643
2020-07,화북동,75061,127929850,3819305
2020-07,효돈동,2913,9383500,280795
2020-08,건입동,25377,45467600,1357702
2020-08,구좌읍,14184,41169850,1231565
2020-08,남원읍,19399,71615800,2141973
2020-08,노형동,161492,290691050,8681020
2020-08,대륜동,21378,48610200,1450405
2020-08,대정읍,40025,108944848,3251131
2020-08,대천동,31292,66506000,1959986
2020-08,도두동,8578,21004750,627968
2020-08,동홍동,56313,115116700,3430406
2020-08,봉개동,10745,19456900,581081
2020-08,삼도1동,35329,66153800,1975759
2020-08,삼도2동,19954,38042250,1124558
2020-08,삼양동,60258,110548100,3297647
2020-08,서홍동,25071,56296100,1682292
2020-08,성산읍,15375,82187750,2451028
2020-08,송산동,9047,30123950,901505
2020-08,아라동,74924,141323900,4216737
2020-08,안덕면,13596,48238800,1437582
2020-08,알수없음,389,2387650,71528
2020-08,애월읍,43067,112411340,3361977
2020-08,연동,123257,227439000,6788264
2020-08,영천동,13444,50754500,1519341
2020-08,예래동,5901,20497450,613476
2020-08,오라동,36243,70038100,2092120
2020-08,외도동,58718,110243800,3292663
2020-08,용담1동,19329,36390400,1086927
2020-08,용담2동,40998,73913800,2207171
2020-08,이도1동,24147,47093800,1406820
2020-08,이도2동,136787,256440620,7653524
2020-08,이호동,12158,26576100,794257
2020-08,일도1동,6910,17930600,536197
2020-08,일도2동,97928,175090900,5228381
2020-08,정방동,7844,25730750,769978
2020-08,조천읍,29281,77823096,2312179
2020-08,중문동,29034,69976499,2076587
2020-08,중앙동,12742,48010450,1437127
2020-08,천지동,11970,35774650,1070233
2020-08,표선면,9059,37489864,1562666
2020-08,한경면,7621,26330500,788076
2020-08,한림읍,24943,80336450,2404262
2020-08,화북동,73520,126103400,3764741
2020-08,효돈동,10018,30956250,926141
2020-09,건입동,21173,35693200,1065579
2020-09,구좌읍,11770,31084150,929611
2020-09,남원읍,16302,56561100,1691503
2020-09,노형동,139314,232960150,6954576
2020-09,대륜동,18609,38982000,1162942
2020-09,대정읍,38067,92630549,2760795
2020-09,대천동,29059,56779450,1671122
2020-09,도두동,7432,16956300,506851
2020-09,동홍동,50515,98116600,2927933
2020-09,봉개동,9477,15629750,466536
2020-09,삼도1동,30342,53852800,1608016
2020-09,삼도2동,17484,30701050,910878
2020-09,삼양동,52094,88975450,2656285
2020-09,서홍동,22303,47293500,1412600
2020-09,성산읍,13867,64840500,1933199
2020-09,송산동,7024,19669000,588329
2020-09,아라동,62672,108428100,3234547
2020-09,안덕면,11245,33174850,985692
2020-09,알수없음,314,2010300,60227
2020-09,애월읍,37419,84883500,2537820
2020-09,연동,109284,187614200,5598069
2020-09,영천동,12345,42076100,1259227
2020-09,예래동,4478,12611500,377225
2020-09,오라동,30978,56426750,1685204
2020-09,외도동,51461,88884250,2653673
2020-09,용담1동,16901,31369450,936900
2020-09,용담2동,36391,59800000,1784914
2020-09,이도1동,21562,38896900,1161484
2020-09,이도2동,117482,206499100,6161735
2020-09,이호동,10064,19857650,593234
2020-09,일도1동,6510,17142050,512673
2020-09,일도2동,86260,145286600,4337115
2020-09,정방동,6722,20482100,612778
2020-09,조천읍,24718,55652450,1663711
2020-09,중문동,25933,59276999,1759683
2020-09,중앙동,12082,44658750,1336982
2020-09,천지동,11205,33188300,992848
2020-09,표선면,9008,33151850,992336
2020-09,한경면,6262,19161200,573336
2020-09,한림읍,21807,70032800,2095806
2020-09,화북동,62448,100829150,3009268
2020-09,효돈동,9103,27372150,818933
2020-10,건입동,21072,36567550,1091729
2020-10,구좌읍,11513,31478700,941467
2020-10,남원읍,15179,57684950,1725913
2020-10,노형동,135035,232088700,6929436
2020-10,대륜동,17296,37333600,1113819
2020-10,대정읍,36538,96266900,2851291
2020-10,대천동,27287,57481400,1694438
2020-10,도두동,7681,18218650,544635
2020-10,동홍동,46279,93397850,2788398
2020-10,봉개동,9248,15425650,460453
2020-10,삼도1동,30585,54576750,1629726
2020-10,삼도2동,16851,30367250,902817
2020-10,삼양동,49636,86136310,2571872
2020-10,서홍동,19742,43249150,1291847
2020-10,성산읍,13068,65917800,1965802
2020-10,송산동,6113,17237900,515662
2020-10,아라동,59808,105955960,3160805
2020-10,안덕면,10918,35010700,1038353
2020-10,알수없음,300,2226900,66733
2020-10,애월읍,36791,87842750,2626511
2020-10,연동,103635,181125650,5404373
2020-10,영천동,10639,38365800,1148332
2020-10,예래동,4241,11937750,357097
2020-10,오라동,30489,56171250,1677534
2020-10,외도동,49949,89881050,2684024
2020-10,용담1동,16743,30243500,903153
2020-10,용담2동,36094,62033400,1852058
2020-10,이도1동,21457,37657550,1124427
2020-10,이도2동,115415,207863950,6203907
2020-10,이호동,10220,21155300,632124
2020-10,일도1동,6689,17780350,531752
2020-10,일도2동,84532,145502700,4344056
2020-10,정방동,6135,20256550,606171
2020-10,조천읍,23921,54787850,1637863
2020-10,중문동,24234,58051000,1723223
2020-10,중앙동,12985,41457850,1241133
2020-10,천지동,9768,30162250,902406
2020-10,표선면,7582,32658650,977911
2020-10,한경면,6217,18672150,558640
2020-10,한림읍,21947,73234800,2191865
2020-10,화북동,62294,101544850,3030874
2020-10,효돈동,8106,25263300,755849
2020-11,건입동,18837,35796000,1069165
2020-11,구좌읍,10253,30118550,901009
2020-11,남원읍,12979,53573900,1603690
2020-11,노형동,123836,231329350,6909285
2020-11,대륜동,15613,36899550,1100683
2020-11,대정읍,34724,100047750,2938732
2020-11,대천동,26015,57841350,1703284
2020-11,도두동,7114,18714300,559617
2020-11,동홍동,39548,88411450,2642520
2020-11,봉개동,8097,14457800,431744
2020-11,삼도1동,27238,53469800,1597386
2020-11,삼도2동,15278,30242650,900453
2020-11,삼양동,43932,84711750,2530398
2020-11,서홍동,15516,35093100,1048372
2020-11,성산읍,11457,62781150,1872738
2020-11,송산동,5167,15650900,468238
2020-11,아라동,55773,107873600,3220533
2020-11,안덕면,10481,35431850,1052201
2020-11,알수없음,254,2088750,62593
2020-11,애월읍,34200,89782750,2685376
2020-11,연동,93837,180737600,5395328
2020-11,영천동,10483,40903000,1224491
2020-11,예래동,3968,12130850,362934
2020-11,오라동,27827,55021000,1643751
2020-11,외도동,45238,88486000,2643334
2020-11,용담1동,14329,28326650,846301
2020-11,용담2동,31301,57733300,1724203
2020-11,이도1동,19374,36796500,1099100
2020-11,이도2동,102816,199985150,5969896
2020-11,이호동,9071,20030450,598624
2020-11,일도1동,6021,18145450,542831
2020-11,일도2동,75497,140298500,4190167
2020-11,정방동,6005,22145800,662867
2020-11,조천읍,21115,51482850,1539307
2020-11,중문동,21394,55698700,1654656
2020-11,중앙동,15675,43013250,1287904
2020-11,천지동,9120,31433750,940755
2020-11,표선면,7083,34208100,1024517
2020-11,한경면,5719,19279000,576986
2020-11,한림읍,19990,70548650,2111648
2020-11,화북동,56011,98963800,2954967
2020-11,효돈동,7855,27011600,808381
2020-12,건입동,18178,37884150,1131993
2020-12,구좌읍,9802,26978450,806937
2020-12,남원읍,14848,60576700,1813426
2020-12,노형동,127389,255413000,7630954
2020-12,대륜동,17194,42350750,1262989
2020-12,대정읍,35493,107058050,3194754
2020-12,대천동,27298,62836650,1848309
2020-12,도두동,6863,17619050,526840
2020-12,동홍동,45999,106031300,3169520
2020-12,봉개동,8207,15685200,468528
2020-12,삼도1동,26591,57201600,1709407
2020-12,삼도2동,15019,31214650,929188
2020-12,삼양동,46912,97844950,2908149
2020-12,서홍동,15749,40146100,1199201
2020-12,성산읍,10956,58846300,1754336
2020-12,송산동,5865,18290650,547236
2020-12,아라동,58078,119343000,3563384
2020-12,안덕면,9953,33677650,1002292
2020-12,알수없음,239,2147470,64369
2020-12,애월읍,33615,88980300,2661340
2020-12,연동,96956,195632400,5841486
2020-12,영천동,11034,45443100,1360586
2020-12,예래동,4537,14459450,432683
2020-12,오라동,29036,62629100,1871624
2020-12,외도동,46892,98028250,2929223
2020-12,용담1동,14631,30491200,911115
2020-12,용담2동,30475,61444900,1835745
2020-12,이도1동,18623,37794550,1129214
2020-12,이도2동,106044,220681900,6589301
2020-12,이호동,9161,20953200,626288
2020-12,일도1동,5743,16798950,502537
2020-12,일도2동,75320,155449300,4644754
2020-12,정방동,6890,24757700,735794
2020-12,조천읍,21164,52436150,1567977
2020-12,중문동,20924,55735800,1661093
2020-12,중앙동,13191,43377950,1298834
2020-12,천지동,9023,29137100,871889
2020-12,표선면,7193,29948950,896677
2020-12,한경면,5476,18862000,564545
2020-12,한림읍,19001,65998800,1975370
2020-12,화북동,57705,110165700,3290603
2020-12,효돈동,7493,26823800,802868
2021-01,건입동,17467,36737750,1097802
2021-01,구좌읍,9025,25143650,752046
2021-01,남원읍,14101,56595100,1694399
2021-01,노형동,120758,247444300,7393542
2021-01,대륜동,17589,44229050,1319090
2021-01,대정읍,35084,105314800,3148492
2021-01,대천동,26239,62019900,1836310
2021-01,도두동,6898,17814850,532726
2021-01,동홍동,45790,107302450,3207633
2021-01,봉개동,7966,15180900,453441
2021-01,삼도1동,25715,55008750,1643865
2021-01,삼도2동,12959,28184650,842344
2021-01,삼양동,45538,94467640,2804429
2021-01,서홍동,16533,42811500,1277628
2021-01,성산읍,9800,51552400,1534718
2021-01,송산동,5517,17074050,510824
2021-01,아라동,55238,115795850,3457152
2021-01,안덕면,9832,33522600,1003220
2021-01,알수없음,237,2057700,61668
2021-01,애월읍,32503,84554750,2529006
2021-01,연동,92675,186455350,5567724
2021-01,영천동,10412,43607950,1305692
2021-01,예래동,4525,14789450,442544
2021-01,오라동,27858,60085650,1795679
2021-01,외도동,45127,96402550,2880875
2021-01,용담1동,13667,28496450,851445
2021-01,용담2동,28266,57256400,1710706
2021-01,이도1동,16910,33481750,1000292
2021-01,이도2동,101519,214562700,6407461
2021-01,이호동,8663,19924750,595613
2021-01,일도1동,5256,15883200,475165
2021-01,일도2동,69020,145053150,4334324
2021-01,정방동,6087,21318250,633228
2021-01,조천읍,21511,53697250,1605674
2021-01,중문동,20185,54313151,1618291
2021-01,중앙동,9002,39760550,1190533
2021-01,천지동,8490,27231750,814847
2021-01,표선면,6140,27386150,820089
2021-01,한경면,5111,17767250,531778
2021-01,한림읍,18369,60314250,1805028
2021-01,화북동,55138,106196950,3172108
2021-01,효돈동,7053,26069950,780322
2021-02,건입동,13784,29397850,878538
2021-02,구좌읍,8833,26678900,798152
2021-02,남원읍,13816,56178800,1681205
2021-02,노형동,108469,227399950,6795260
2021-02,대륜동,16256,41473600,1237515
2021-02,대정읍,32472,99042750,2961654
2021-02,대천동,23585,56333000,1679618
2021-02,도두동,5969,15402250,460579
2021-02,동홍동,43531,103601250,3097236
2021-02,봉개동,6496,12899650,385384
2021-02,삼도1동,20172,43495350,1299813
2021-02,삼도2동,12085,26655750,796660
2021-02,삼양동,38048,80428320,2403325
2021-02,서홍동,16133,42488650,1268342
2021-02,성산읍,9721,54796550,1634355
2021-02,송산동,5255,17695700,529586
2021-02,아라동,49746,104113000,3108446
2021-02,안덕면,9544,35158950,1052383
2021-02,알수없음,224,1985100,59502
2021-02,애월읍,30567,81911700,2450078
2021-02,연동,85077,175310650,5235507
2021-02,영천동,9637,40278950,1206036
2021-02,예래동,4563,15566250,465853
2021-02,오라동,22967,50073100,1496493
2021-02,외도동,39492,84339150,2520317
2021-02,용담1동,10887,22772750,680449
2021-02,용담2동,24419,49429650,1476815
2021-02,이도1동,13680,28316950,846101
2021-02,이도2동,83034,178656200,5334543
2021-02,이호동,6817,16235200,485381
2021-02,일도1동,3763,11973600,358260
2021-02,일도2동,56372,118399850,3537788
2021-02,정방동,5692,20680400,613167
2021-02,조천읍,20543,52488300,1569766
2021-02,중문동,19162,54608900,1627731
2021-02,중앙동,8775,41363750,1238747
2021-02,천지동,8281,28012700,838333
2021-02,표선면,6627,28420550,850965
2021-02,한경면,4975,17276700,517079
2021-02,한림읍,17384,60052534,1797415
2021-02,화북동,40817,79066250,2361878
2021-02,효돈동,6795,26128400,782163
2021-03,건입동,16998,34167750,1020797
2021-03,구좌읍,10269,30919350,924985
2021-03,남원읍,14974,62602150,1873290
2021-03,노형동,115113,232733500,6953675
2021-03,대륜동,17931,45509750,1357737
2021-03,대정읍,36061,105467100,3153248
2021-03,대천동,25623,59499550,1774752
2021-03,도두동,6681,17504100,523480
2021-03,동홍동,44732,101916400,3046301
2021-03,봉개동,7480,13873900,414359
2021-03,삼도1동,23787,50034650,1495108
2021-03,삼도2동,11799,24801600,741111
2021-03,삼양동,42531,87197200,2605322
2021-03,서홍동,17363,43048550,1285182
2021-03,성산읍,11156,60014350,1789092
2021-03,송산동,5786,20041950,599794
2021-03,아라동,51813,105042100,3135927
2021-03,안덕면,10760,39511350,1182662
2021-03,알수없음,230,2153800,64560
2021-03,애월읍,33859,90262150,2699833
2021-03,연동,90560,183660400,5484355
2021-03,영천동,10530,44995500,1347270
2021-03,예래동,4920,17300600,517786
2021-03,오라동,25401,53931150,1611630
2021-03,외도동,43893,90926700,2716943
2021-03,용담1동,12237,25848900,772446
2021-03,용담2동,28065,56587400,1690568
2021-03,이도1동,17110,37497450,1120658
2021-03,이도2동,95874,198242608,5919242
2021-03,이호동,7967,18808700,562302
2021-03,일도1동,5418,18107050,541869
2021-03,일도2동,65689,134650500,4023160
2021-03,정방동,6349,23135350,685425
2021-03,조천읍,23945,59529200,1780134
2021-03,중문동,22121,60028350,1793631
2021-03,중앙동,9755,45449200,1361043
2021-03,천지동,9317,32971750,986826
2021-03,표선면,7606,34260000,1025924
2021-03,한경면,5727,21007400,628842
2021-03,한림읍,19901,69780550,2088688
2021-03,화북동,53509,101663700,3036567
2021-03,효돈동,7492,26845400,803505
2021-04,건입동,17780,35386850,1057232
2021-04,구좌읍,11197,33131350,991154
2021-04,남원읍,15199,61957700,1853834
2021-04,노형동,110768,212851000,6358341
2021-04,대륜동,18317,44380900,1324745
2021-04,대정읍,35556,101782450,3043155
2021-04,대천동,24561,53705700,1601545
2021-04,도두동,6926,17377150,519593
2021-04,동홍동,43687,93011250,2778522
2021-04,봉개동,7564,13278500,396462
2021-04,삼도1동,25571,51074200,1525816
2021-04,삼도2동,11627,23157600,691836
2021-04,삼양동,43813,84829840,2533936
2021-04,서홍동,16810,39314300,1173536
2021-04,성산읍,11484,63529350,1893965
2021-04,송산동,6039,22429600,671388
2021-04,아라동,50260,94682900,2825579
2021-04,안덕면,11464,40209250,1203460
2021-04,알수없음,212,1936900,58057
2021-04,애월읍,35383,91456441,2735409
2021-04,연동,87258,167509250,5001183
2021-04,영천동,9487,41495250,1242548
2021-04,예래동,5256,17646850,528119
2021-04,오라동,25765,51424200,1536252
2021-04,외도동,45171,89457350,2672512
2021-04,용담1동,13947,28097300,839485
2021-04,용담2동,28990,58446350,1746214
2021-04,이도1동,18201,39182450,1170955
2021-04,이도2동,97899,192527200,5747928
2021-04,이호동,8655,19633000,586840
2021-04,일도1동,5789,18833000,563538
2021-04,일도2동,69143,131462200,3926732
2021-04,정방동,6401,21122400,625580
2021-04,조천읍,24691,58934750,1762148
2021-04,중문동,23495,61827300,1849039
2021-04,중앙동,9366,43809700,1311944
2021-04,천지동,9390,31792150,951486
2021-04,표선면,8366,38444700,1151341
2021-04,한경면,6147,22908150,685772
2021-04,한림읍,20950,73755600,2207704
2021-04,화북동,55664,99636900,2975351
2021-04,효돈동,7399,25200200,754194
2021-05,건입동,20131,38047500,1136417
2021-05,구좌읍,12014,34451200,1030579
2021-05,남원읍,16071,59816600,1789111
2021-05,노형동,123524,227061100,6781308
2021-05,대륜동,20159,46104350,1375720
2021-05,대정읍,42373,113929800,3405235
2021-05,대천동,27284,58341550,1739063
2021-05,도두동,8298,19663550,587847
2021-05,동홍동,46424,94027400,2807843
2021-05,봉개동,9026,15601950,465787
2021-05,삼도1동,29938,57099250,1705541
2021-05,삼도2동,12852,24945700,745184
2021-05,삼양동,49969,93122870,2781197
2021-05,서홍동,16953,38265400,1142491
2021-05,성산읍,11459,57482500,1710269
2021-05,송산동,6718,26770600,801455
2021-05,아라동,57174,107045700,3194475
2021-05,안덕면,13399,44037200,1317870
2021-05,알수없음,260,1910750,57259
2021-05,애월읍,41080,103211100,3086534
2021-05,연동,98129,181776100,5426576
2021-05,영천동,8559,32951350,986459
2021-05,예래동,6346,19494750,583282
2021-05,오라동,29350,57321800,1712295
2021-05,외도동,50516,97421950,2910028
2021-05,용담1동,16992,33500950,1000843
2021-05,용담2동,33544,61815700,1846122
2021-05,이도1동,20656,42806500,1279079
2021-05,이도2동,112714,215882550,6444414
2021-05,이호동,9544,20363000,608488
2021-05,일도1동,6279,18297050,547356
2021-05,일도2동,79927,147183350,4395535
2021-05,정방동,6612,22329500,660973
2021-05,조천읍,24836,58813300,1758559
2021-05,중문동,27174,68885700,2060037
2021-05,중앙동,9258,39221700,1174348
2021-05,천지동,8464,27860850,833720
2021-05,표선면,8786,36223050,1084556
2021-05,한경면,7625,26927600,806001
2021-05,한림읍,24046,79295550,2373113
2021-05,화북동,62978,109316800,3263926
2021-05,효돈동,6682,21724850,650080
2021-06,건입동,20296,36493300,1089760
2021-06,구좌읍,14031,37807150,1130748
2021-06,남원읍,17330,62927050,1882300
2021-06,노형동,133924,239069250,7139202
2021-06,대륜동,20790,46745900,1393974
2021-06,대정읍,41806,109850800,3271828
2021-06,대천동,26836,56178400,1674289
2021-06,도두동,8749,19733350,589865
2021-06,동홍동,46479,86524400,2581670
2021-06,봉개동,9426,16048700,479157
2021-06,삼도1동,32306,59222300,1768609
2021-06,삼도2동,12943,24066500,718753
2021-06,삼양동,52430,96172500,2872148
2021-06,서홍동,14277,29767600,888409
2021-06,성산읍,17581,85688760,2555047
2021-06,송산동,8196,31243800,935303
2021-06,아라동,60530,112190800,3346777
2021-06,안덕면,13805,46467450,1385481
2021-06,알수없음,327,2157850,64651
2021-06,애월읍,42490,103756400,3102615
2021-06,연동,105468,189432610,5678533
2021-06,영천동,9652,35074700,1049860
2021-06,예래동,6328,18753350,561054
2021-06,오라동,30482,58187300,1738107
2021-06,외도동,53226,100096900,2989654
2021-06,용담1동,18047,33693350,1006285
2021-06,용담2동,35913,62862000,1876935
2021-06,이도1동,13892,28492400,851337
2021-06,이도2동,127973,225423200,6688412
2021-06,이호동,10497,21586550,645034
2021-06,일도1동,2707,7451200,222864
2021-06,일도2동,84360,147438200,4402149
2021-06,정방동,6864,21580950,645614
2021-06,조천읍,27732,63927750,1911187
2021-06,중문동,28002,66140250,1977456
2021-06,중앙동,10772,41422700,1240018
2021-06,천지동,10680,31676600,947646
2021-06,표선면,10751,42453750,1271419
2021-06,한경면,8031,27060150,809898
2021-06,한림읍,25653,82746990,2476292
2021-06,화북동,66088,110750050,3306029
2021-06,효돈동,8720,27554100,824457
